 
============================================================ 
ACVRP-CO2 overnight pipeline (Macau + Hong Kong) 
Started: 2026/05/21 ¶g¥|  6:33:31.78 
Working dir: D:\GitHub Project\acvrp-co2 
Log file:    logs\overnight_20260521_063331.log 
============================================================ 
 
[ 6:33:31.78] Step 0: Environment sanity check... 
All imports OK
Torch: 2.9.1+cu130
CUDA available: True
GPU: NVIDIA GeForce RTX 5070
 
[ 6:33:37.57] Step 1: Classical experiment (Macau)... 
Warning: Mong_Ha_Dist snapped to unreachable node 7264016227; using 9026600176 instead.
Graph: 1853 nodes, 3229 edges
Customers: 20 (+1 depot)
AR asymmetry index: 0.0783

--- Solving variant SE (ortools) ---
  Found 3 routes.

--- Solving variant SM (ortools) ---
  Found 3 routes.

--- Solving variant SR (ortools) ---
  Found 3 routes.

--- Solving variant AR (ortools) ---
  Found 3 routes.

========== RESULTS ==========
Variant    Distance (km)    Fuel (L)    CO2 (kg)
SE                 27.73     116.145     311.270
SM                 26.82     112.490     301.473
SR                 27.77     116.766     312.932
AR                 24.20     101.674     272.486

Asymmetry penalties (vs. AR baseline):
  SE: distance +14.55%, CO2 +14.23%
  SM: distance +10.81%, CO2 +10.64%
  SR: distance +14.71%, CO2 +14.84%

Outputs written to: D:\GitHub Project\acvrp-co2\results_macau
[ 6:39:40.26] Step 1 OK. 
 
[ 6:39:40.26] Step 1b: Classical experiment Hong Kong... 
Graph: 972 nodes, 1727 edges
Customers: 20 (+1 depot)
AR asymmetry index: 0.1232

--- Solving variant SE (ortools) ---
  Found 3 routes.

--- Solving variant SM (ortools) ---
  Found 3 routes.

--- Solving variant SR (ortools) ---
  Found 3 routes.

--- Solving variant AR (ortools) ---
  Found 3 routes.

========== RESULTS ==========
Variant    Distance (km)    Fuel (L)    CO2 (kg)
SE                 26.75     112.544     301.619
SM                 27.40     115.337     309.102
SR                 20.09      84.416     226.234
AR                 19.28      80.957     216.965

Asymmetry penalties (vs. AR baseline):
  SE: distance +38.75%, CO2 +39.02%
  SM: distance +42.13%, CO2 +42.47%
  SR: distance +4.25%, CO2 +4.27%

Outputs written to: D:\GitHub Project\acvrp-co2\results_hongkong
[ 6:39:40.26] Step 1b OK. 
 
[ 6:45:42.57] Step 2: NCO smoke test... 
epoch   1/3 | train cost  32738.6 | loss -1374.2082 | val cost  28219.0 |   2.8s
epoch   2/3 | train cost  29883.5 | loss -1810.5436 | val cost  28649.6 |   2.3s
epoch   3/3 | train cost  28672.2 | loss -1972.2070 | val cost  28484.6 |   2.3s
[ 6:45:55.53] Step 2 OK. 
 
[ 6:45:55.53] Step 3: Training MatNet-CVRP (N=50)... 
Downloading OSM graph for evaluation set @(22.198, 113.543), r=2500 m...
Built 16 OSM evaluation instances.
Training matnet policy (1,592,576 params)
epoch   1/100 | train cost  80056.1 | loss -14458.0145 | val cost  59901.3 | 200.2s
epoch   2/100 | train cost  57359.6 | loss -16584.3780 | val cost  57120.2 | 203.2s
epoch   3/100 | train cost  55434.1 | loss -13891.1976 | val cost  57427.3 | 202.4s
epoch   4/100 | train cost  54130.9 | loss -13191.3380 | val cost  57046.7 | 202.2s
epoch   5/100 | train cost  53335.8 | loss -12801.7923 | val cost  56394.7 | 202.2s
epoch   6/100 | train cost  52654.0 | loss -12570.3378 | val cost  55053.2 | 202.0s
epoch   7/100 | train cost  52186.7 | loss -12153.9798 | val cost  56175.5 | 201.4s
epoch   8/100 | train cost  51632.0 | loss -11902.5664 | val cost  54882.8 | 201.0s
epoch   9/100 | train cost  51187.9 | loss -11835.3227 | val cost  58149.5 | 200.2s
epoch  10/100 | train cost  50838.0 | loss -11595.3894 | val cost  54229.4 | 199.8s
epoch  11/100 | train cost  50638.7 | loss -11415.7678 | val cost  54333.4 | 199.3s
epoch  12/100 | train cost  50405.3 | loss -11252.6854 | val cost  57684.4 | 199.1s
epoch  13/100 | train cost  50261.3 | loss -11335.4428 | val cost  53922.6 | 199.2s
epoch  14/100 | train cost  50041.6 | loss -11078.0371 | val cost  54613.9 | 198.2s
epoch  15/100 | train cost  49961.0 | loss -11325.4106 | val cost  53902.9 | 196.5s
epoch  16/100 | train cost  49821.5 | loss -11019.3641 | val cost  53615.4 | 196.5s
epoch  17/100 | train cost  49740.4 | loss -10920.2216 | val cost  54918.5 | 196.7s
epoch  18/100 | train cost  49629.3 | loss -11067.0888 | val cost  52869.7 | 196.3s
epoch  19/100 | train cost  49566.3 | loss -11075.4259 | val cost  52414.6 | 196.3s
epoch  20/100 | train cost  49471.8 | loss -10938.4421 | val cost  58805.0 | 196.1s
epoch  21/100 | train cost  49408.4 | loss -10991.7144 | val cost  55422.3 | 196.7s
epoch  22/100 | train cost  49315.1 | loss -10705.6584 | val cost  57455.0 | 196.2s
epoch  23/100 | train cost  49241.4 | loss -10606.3730 | val cost  54168.7 | 196.1s
epoch  24/100 | train cost  49147.6 | loss -10350.1923 | val cost  52167.2 | 195.3s
epoch  25/100 | train cost  49109.1 | loss -10224.0332 | val cost  55699.4 | 189.3s
epoch  26/100 | train cost  49047.3 | loss -10062.9589 | val cost  52823.0 | 194.2s
epoch  27/100 | train cost  48987.5 | loss -9975.7272 | val cost  53599.7 | 192.9s
epoch  28/100 | train cost  48955.6 | loss -10237.4308 | val cost  52703.3 | 189.9s
epoch  29/100 | train cost  48900.4 | loss -9951.8520 | val cost  52380.3 | 189.7s
epoch  30/100 | train cost  48892.6 | loss -10003.7068 | val cost  52034.6 | 189.3s
epoch  31/100 | train cost  48794.7 | loss -9845.0289 | val cost  52618.0 | 189.5s
epoch  32/100 | train cost  48779.3 | loss -9829.8813 | val cost  51786.3 | 189.6s
epoch  33/100 | train cost  48754.1 | loss -9645.8451 | val cost  52410.3 | 189.2s
epoch  34/100 | train cost  48708.6 | loss -9559.7910 | val cost  52510.5 | 189.3s
epoch  35/100 | train cost  48644.8 | loss -9570.7481 | val cost  52563.5 | 189.5s
epoch  36/100 | train cost  48613.5 | loss -9659.3141 | val cost  53208.7 | 192.3s
epoch  37/100 | train cost  48604.8 | loss -9518.1856 | val cost  54345.6 | 189.4s
epoch  38/100 | train cost  48561.5 | loss -9548.6894 | val cost  52736.5 | 189.9s
epoch  39/100 | train cost  48534.3 | loss -9411.6068 | val cost  52001.5 | 189.4s
epoch  40/100 | train cost  48468.2 | loss -9170.0396 | val cost  52948.1 | 189.7s
epoch  41/100 | train cost  48447.4 | loss -9361.9726 | val cost  52227.1 | 189.4s
epoch  42/100 | train cost  48444.1 | loss -9282.0944 | val cost  50734.9 | 189.5s
epoch  43/100 | train cost  48421.6 | loss -9299.5186 | val cost  52207.8 | 190.0s
epoch  44/100 | train cost  48410.5 | loss -9168.2033 | val cost  52023.5 | 196.3s
epoch  45/100 | train cost  48376.4 | loss -9247.5113 | val cost  51812.8 | 195.9s
epoch  46/100 | train cost  48310.6 | loss -9279.8203 | val cost  52429.0 | 195.9s
epoch  47/100 | train cost  48281.3 | loss -9053.8403 | val cost  52733.8 | 196.0s
epoch  48/100 | train cost  48276.1 | loss -9037.3607 | val cost  52475.7 | 196.4s
epoch  49/100 | train cost  48279.9 | loss -8924.8523 | val cost  52540.3 | 196.0s
epoch  50/100 | train cost  48221.7 | loss -8811.4078 | val cost  51401.8 | 196.0s
epoch  51/100 | train cost  48223.6 | loss -9026.9607 | val cost  51530.9 | 196.1s
epoch  52/100 | train cost  48183.5 | loss -8902.0613 | val cost  51742.6 | 195.7s
epoch  53/100 | train cost  48145.8 | loss -8782.4974 | val cost  52189.2 | 196.3s
epoch  54/100 | train cost  48113.6 | loss -8627.0617 | val cost  51478.1 | 195.8s
epoch  55/100 | train cost  48123.5 | loss -8751.3170 | val cost  51887.6 | 195.9s
epoch  56/100 | train cost  48102.5 | loss -8575.9889 | val cost  51873.9 | 195.9s
epoch  57/100 | train cost  48079.8 | loss -8588.3082 | val cost  52204.0 | 195.9s
epoch  58/100 | train cost  48057.9 | loss -8710.2857 | val cost  51869.7 | 195.7s
epoch  59/100 | train cost  48015.4 | loss -8490.9392 | val cost  51758.4 | 194.8s
epoch  60/100 | train cost  47976.8 | loss -8471.3715 | val cost  51524.1 | 193.1s
epoch  61/100 | train cost  47989.6 | loss -8377.4710 | val cost  52042.8 | 190.7s
epoch  62/100 | train cost  47943.0 | loss -8339.8238 | val cost  52034.1 | 189.5s
epoch  63/100 | train cost  47958.0 | loss -8285.4413 | val cost  52715.1 | 189.6s
epoch  64/100 | train cost  47881.1 | loss -8459.7662 | val cost  52370.3 | 189.6s
epoch  65/100 | train cost  47899.7 | loss -8326.2477 | val cost  51791.3 | 189.8s
epoch  66/100 | train cost  47885.6 | loss -8255.9362 | val cost  52416.7 | 191.5s
epoch  67/100 | train cost  47871.3 | loss -8291.3730 | val cost  52309.0 | 193.7s
epoch  68/100 | train cost  47825.7 | loss -8204.1156 | val cost  52718.3 | 194.1s
epoch  69/100 | train cost  47802.3 | loss -8171.1204 | val cost  52104.2 | 193.8s
epoch  70/100 | train cost  47800.0 | loss -8141.4434 | val cost  52578.3 | 193.8s
epoch  71/100 | train cost  47804.4 | loss -8045.7293 | val cost  52346.4 | 194.0s
epoch  72/100 | train cost  47775.6 | loss -7993.9818 | val cost  51558.8 | 193.5s
epoch  73/100 | train cost  47770.3 | loss -8083.4484 | val cost  52387.3 | 194.1s
epoch  74/100 | train cost  47746.3 | loss -8000.5467 | val cost  51582.7 | 197.1s
epoch  75/100 | train cost  47727.3 | loss -7960.2275 | val cost  52030.1 | 193.9s
epoch  76/100 | train cost  47733.5 | loss -7906.2092 | val cost  52005.2 | 193.7s
epoch  77/100 | train cost  47704.8 | loss -7966.3356 | val cost  52192.8 | 193.9s
epoch  78/100 | train cost  47701.7 | loss -7969.6250 | val cost  52385.9 | 195.2s
epoch  79/100 | train cost  47679.7 | loss -7940.8354 | val cost  51641.7 | 194.0s
epoch  80/100 | train cost  47689.9 | loss -7939.7837 | val cost  52362.3 | 189.9s
epoch  81/100 | train cost  47689.1 | loss -7814.9310 | val cost  52305.5 | 189.7s
epoch  82/100 | train cost  47657.0 | loss -7855.8851 | val cost  52590.5 | 189.5s
epoch  83/100 | train cost  47657.0 | loss -7825.0578 | val cost  52513.7 | 189.8s
epoch  84/100 | train cost  47660.8 | loss -7815.2765 | val cost  52079.3 | 190.0s
epoch  85/100 | train cost  47652.5 | loss -7905.9335 | val cost  51796.8 | 189.7s
epoch  86/100 | train cost  47651.1 | loss -7881.1273 | val cost  52151.1 | 189.7s
epoch  87/100 | train cost  47625.9 | loss -7850.6339 | val cost  52444.0 | 189.9s
epoch  88/100 | train cost  47591.8 | loss -7746.8004 | val cost  52205.9 | 189.6s
epoch  89/100 | train cost  47615.6 | loss -7812.3249 | val cost  51879.3 | 190.0s
epoch  90/100 | train cost  47622.3 | loss -7747.3551 | val cost  51872.4 | 189.7s
epoch  91/100 | train cost  47588.1 | loss -7748.5463 | val cost  51994.5 | 190.0s
epoch  92/100 | train cost  47613.1 | loss -7738.5136 | val cost  51653.3 | 190.1s
epoch  93/100 | train cost  47595.4 | loss -7810.3038 | val cost  52184.5 | 190.0s
epoch  94/100 | train cost  47594.5 | loss -7752.9486 | val cost  52240.4 | 193.6s
epoch  95/100 | train cost  47609.0 | loss -7769.9926 | val cost  51981.5 | 193.5s
epoch  96/100 | train cost  47564.5 | loss -7847.6839 | val cost  52177.2 | 193.9s
epoch  97/100 | train cost  47595.4 | loss -7754.4151 | val cost  52179.3 | 193.6s
epoch  98/100 | train cost  47583.9 | loss -7874.4462 | val cost  52318.2 | 193.3s
epoch  99/100 | train cost  47582.5 | loss -7859.4478 | val cost  52237.0 | 189.8s
epoch 100/100 | train cost  47563.3 | loss -7876.4392 | val cost  52288.0 | 189.8s
Wrote training log to models\matnet_cvrp_log.json
[12:09:08.20] Step 3 OK. 
 
[12:09:08.21] Step 4: Training Vanilla-AM baseline (N=50)... 
Downloading OSM graph for evaluation set @(22.198, 113.543), r=2500 m...
Built 16 OSM evaluation instances.
Training baseline policy (1,483,968 params)
epoch   1/100 | train cost  64907.0 | loss -18063.3421 | val cost  57934.6 | 171.8s
epoch   2/100 | train cost  54976.1 | loss -16851.2431 | val cost  58662.4 | 168.5s
epoch   3/100 | train cost  53664.4 | loss -15958.2837 | val cost  56605.6 | 167.9s
epoch   4/100 | train cost  53082.5 | loss -15585.1141 | val cost  57258.6 | 167.2s
epoch   5/100 | train cost  52743.0 | loss -15318.2645 | val cost  59241.1 | 167.9s
epoch   6/100 | train cost  52420.0 | loss -14941.6008 | val cost  59476.1 | 171.1s
epoch   7/100 | train cost  52178.3 | loss -14620.8139 | val cost  62168.8 | 171.0s
epoch   8/100 | train cost  51926.7 | loss -14408.7047 | val cost  55770.9 | 170.4s
epoch   9/100 | train cost  51521.6 | loss -14159.1429 | val cost  56215.4 | 170.1s
epoch  10/100 | train cost  51094.6 | loss -14206.4701 | val cost  58259.2 | 169.8s
epoch  11/100 | train cost  50882.4 | loss -14154.1125 | val cost  54851.0 | 169.3s
epoch  12/100 | train cost  50747.7 | loss -14041.5946 | val cost  58870.8 | 169.1s
epoch  13/100 | train cost  50601.1 | loss -14146.7775 | val cost  59153.8 | 168.8s
epoch  14/100 | train cost  50422.4 | loss -13975.3002 | val cost  58456.9 | 168.7s
epoch  15/100 | train cost  50339.0 | loss -13927.7063 | val cost  56338.4 | 168.5s
epoch  16/100 | train cost  50262.2 | loss -13906.6205 | val cost  56016.1 | 168.5s
epoch  17/100 | train cost  50161.3 | loss -13867.2245 | val cost  62143.7 | 168.7s
epoch  18/100 | train cost  50139.8 | loss -13792.2022 | val cost  54825.7 | 168.4s
epoch  19/100 | train cost  50011.7 | loss -13717.4064 | val cost  54010.8 | 168.1s
epoch  20/100 | train cost  49970.5 | loss -13709.8808 | val cost  56292.6 | 168.1s
epoch  21/100 | train cost  49895.1 | loss -13862.7447 | val cost  58206.4 | 168.1s
epoch  22/100 | train cost  49898.9 | loss -13615.4095 | val cost  57239.2 | 168.1s
epoch  23/100 | train cost  49813.1 | loss -13623.0491 | val cost  59664.5 | 168.1s
epoch  24/100 | train cost  49797.7 | loss -13504.6746 | val cost  59351.5 | 168.4s
epoch  25/100 | train cost  49700.0 | loss -13510.4252 | val cost  60129.1 | 168.1s
epoch  26/100 | train cost  49646.8 | loss -13480.9420 | val cost  57259.5 | 168.1s
epoch  27/100 | train cost  49639.8 | loss -13572.4666 | val cost  55332.1 | 168.0s
epoch  28/100 | train cost  49650.7 | loss -13573.6678 | val cost  56324.1 | 167.9s
epoch  29/100 | train cost  49547.2 | loss -13527.8542 | val cost  57312.3 | 168.5s
epoch  30/100 | train cost  49516.5 | loss -13581.5534 | val cost  54275.8 | 168.5s
epoch  31/100 | train cost  49489.2 | loss -13387.8664 | val cost  58502.7 | 169.7s
epoch  32/100 | train cost  49488.0 | loss -13457.4909 | val cost  62329.6 | 170.3s
epoch  33/100 | train cost  49436.8 | loss -13287.3090 | val cost  55937.3 | 169.6s
epoch  34/100 | train cost  49403.8 | loss -13240.1157 | val cost  59968.4 | 169.5s
epoch  35/100 | train cost  49314.4 | loss -13378.0118 | val cost  55337.6 | 169.6s
epoch  36/100 | train cost  49311.0 | loss -13441.1702 | val cost  62776.0 | 172.1s
epoch  37/100 | train cost  49280.8 | loss -13230.4860 | val cost  55893.2 | 172.8s
epoch  38/100 | train cost  49241.2 | loss -13407.1881 | val cost  56280.3 | 171.5s
epoch  39/100 | train cost  49242.7 | loss -13292.3626 | val cost  55610.7 | 164.8s
epoch  40/100 | train cost  49182.7 | loss -13189.2451 | val cost  54710.2 | 164.1s
epoch  41/100 | train cost  49159.4 | loss -13188.7343 | val cost  54968.7 | 163.5s
epoch  42/100 | train cost  49124.4 | loss -13281.7138 | val cost  56404.7 | 163.9s
epoch  43/100 | train cost  49121.4 | loss -13243.6636 | val cost  55333.0 | 163.6s
epoch  44/100 | train cost  49091.6 | loss -13231.9518 | val cost  56490.8 | 163.4s
epoch  45/100 | train cost  49054.2 | loss -13126.2163 | val cost  55359.4 | 163.5s
epoch  46/100 | train cost  48995.7 | loss -13219.8192 | val cost  54036.7 | 163.5s
epoch  47/100 | train cost  48995.6 | loss -13141.8871 | val cost  55726.5 | 164.9s
epoch  48/100 | train cost  48970.6 | loss -13102.9632 | val cost  54726.4 | 163.3s
epoch  49/100 | train cost  48985.2 | loss -13028.2347 | val cost  55583.7 | 163.4s
epoch  50/100 | train cost  48933.2 | loss -12984.6736 | val cost  54024.1 | 163.6s
epoch  51/100 | train cost  48925.0 | loss -13040.7461 | val cost  54551.0 | 163.4s
epoch  52/100 | train cost  48884.6 | loss -13112.8329 | val cost  54257.8 | 163.3s
epoch  53/100 | train cost  48855.0 | loss -13142.6589 | val cost  54286.9 | 163.7s
epoch  54/100 | train cost  48856.8 | loss -13052.0655 | val cost  54676.1 | 163.0s
epoch  55/100 | train cost  48814.3 | loss -13037.7906 | val cost  56083.5 | 163.1s
epoch  56/100 | train cost  48848.9 | loss -12999.3796 | val cost  54126.3 | 163.5s
epoch  57/100 | train cost  48780.4 | loss -13034.4832 | val cost  54579.4 | 163.9s
epoch  58/100 | train cost  48758.6 | loss -12887.4911 | val cost  54515.0 | 163.5s
epoch  59/100 | train cost  48736.7 | loss -12974.7074 | val cost  54171.8 | 163.1s
epoch  60/100 | train cost  48710.3 | loss -12918.8873 | val cost  54317.1 | 165.2s
epoch  61/100 | train cost  48691.0 | loss -12920.0081 | val cost  53390.2 | 165.7s
epoch  62/100 | train cost  48674.8 | loss -12928.5516 | val cost  55354.8 | 163.9s
epoch  63/100 | train cost  48703.9 | loss -13011.8267 | val cost  53808.3 | 163.5s
epoch  64/100 | train cost  48636.3 | loss -12781.4313 | val cost  54178.3 | 163.6s
epoch  65/100 | train cost  48655.9 | loss -12831.5928 | val cost  53859.5 | 163.5s
epoch  66/100 | train cost  48621.4 | loss -12987.0351 | val cost  54145.9 | 163.4s
epoch  67/100 | train cost  48595.1 | loss -12964.3122 | val cost  53574.3 | 163.6s
epoch  68/100 | train cost  48575.9 | loss -12912.7220 | val cost  53671.5 | 163.3s
epoch  69/100 | train cost  48551.4 | loss -12839.8181 | val cost  54140.4 | 163.8s
epoch  70/100 | train cost  48555.2 | loss -12750.3612 | val cost  54449.2 | 163.7s
epoch  71/100 | train cost  48523.3 | loss -12884.0923 | val cost  54350.2 | 163.8s
epoch  72/100 | train cost  48521.1 | loss -12748.2908 | val cost  54383.3 | 163.4s
epoch  73/100 | train cost  48515.8 | loss -12730.6406 | val cost  53912.1 | 163.1s
epoch  74/100 | train cost  48502.7 | loss -12800.6359 | val cost  53941.6 | 163.4s
epoch  75/100 | train cost  48468.6 | loss -12768.6300 | val cost  54463.1 | 163.3s
epoch  76/100 | train cost  48465.8 | loss -12759.1833 | val cost  54566.3 | 163.3s
epoch  77/100 | train cost  48428.4 | loss -12752.8278 | val cost  53709.1 | 163.3s
epoch  78/100 | train cost  48440.8 | loss -12800.5311 | val cost  53791.7 | 163.2s
epoch  79/100 | train cost  48417.2 | loss -12722.8568 | val cost  53729.2 | 163.3s
epoch  80/100 | train cost  48435.2 | loss -12725.7300 | val cost  54294.7 | 163.4s
epoch  81/100 | train cost  48422.1 | loss -12697.6857 | val cost  53996.8 | 165.2s
epoch  82/100 | train cost  48404.3 | loss -12775.1466 | val cost  53813.2 | 165.8s
epoch  83/100 | train cost  48385.2 | loss -12685.8594 | val cost  53802.5 | 164.5s
epoch  84/100 | train cost  48396.1 | loss -12700.9635 | val cost  54153.5 | 164.0s
epoch  85/100 | train cost  48401.7 | loss -12749.0538 | val cost  53485.5 | 163.8s
epoch  86/100 | train cost  48370.0 | loss -12746.3969 | val cost  53846.3 | 163.5s
epoch  87/100 | train cost  48358.7 | loss -12692.5861 | val cost  54540.4 | 163.6s
epoch  88/100 | train cost  48331.9 | loss -12703.5405 | val cost  54134.2 | 163.9s
epoch  89/100 | train cost  48355.2 | loss -12781.3983 | val cost  54133.7 | 163.6s
epoch  90/100 | train cost  48363.6 | loss -12707.2471 | val cost  53922.0 | 163.7s
epoch  91/100 | train cost  48342.6 | loss -12678.6002 | val cost  53822.9 | 163.5s
epoch  92/100 | train cost  48348.8 | loss -12744.4781 | val cost  53984.4 | 163.6s
epoch  93/100 | train cost  48327.4 | loss -12682.1046 | val cost  54400.7 | 163.8s
epoch  94/100 | train cost  48324.4 | loss -12723.8268 | val cost  54009.8 | 164.0s
epoch  95/100 | train cost  48334.9 | loss -12691.4630 | val cost  54236.2 | 163.6s
epoch  96/100 | train cost  48310.9 | loss -12722.7379 | val cost  54326.0 | 163.6s
epoch  97/100 | train cost  48328.7 | loss -12718.5386 | val cost  53843.9 | 163.6s
epoch  98/100 | train cost  48331.4 | loss -12748.4978 | val cost  54147.5 | 163.6s
epoch  99/100 | train cost  48316.4 | loss -12637.4830 | val cost  54378.7 | 163.6s
epoch 100/100 | train cost  48293.9 | loss -12768.3063 | val cost  54378.7 | 166.0s
Wrote training log to models\baseline_am_log.json
[16:45:40.47] Step 4 OK. 
 
[16:45:40.47] Step 5: 4-solver grid comparison on Macau... 
Warning: Mong_Ha_Dist snapped to unreachable node 7264016227; using 9026600176 instead.
Graph: 1853 nodes, 3229 edges
Customers: 20 (+1 depot)
AR asymmetry index: 0.0783

--- OR-Tools on SE ---
  -> 3 route(s) produced.

--- OR-Tools on SM ---
  -> 3 route(s) produced.

--- OR-Tools on SR ---
  -> 3 route(s) produced.

--- OR-Tools on AR ---
  -> 3 route(s) produced.

--- GA on SE ---
  -> 3 route(s) produced.

--- GA on SM ---
  -> 3 route(s) produced.

--- GA on SR ---
  -> 3 route(s) produced.

--- GA on AR ---
  -> 3 route(s) produced.

--- MatNet-CVRP on SE ---
  ! Failed: Error(s) in loading state_dict for ACVRPPolicy:
	Unexpected key(s) in state_dict: "encoder.blocks.3.attn.W_q.weight", "encoder.blocks.3.attn.W_k.weight", "encoder.blocks.3.attn.W_v.weight", "encoder.blocks.3.attn.W_e.weight", "encoder.blocks.3.attn.W_o.weight", "encoder.blocks.3.norm1.weight", "encoder.blocks.3.norm1.bias", "encoder.blocks.3.ffn.0.weight", "encoder.blocks.3.ffn.0.bias", "encoder.blocks.3.ffn.2.weight", "encoder.blocks.3.ffn.2.bias", "encoder.blocks.3.norm2.weight", "encoder.blocks.3.norm2.bias". 
	size mismatch for encoder.node_proj.weight: copying a param with shape torch.Size([192, 3]) from checkpoint, the shape in current model is torch.Size([128, 3]).
	size mismatch for encoder.node_proj.bias: copying a param with shape torch.Size([192]) from checkpoint, the shape in current model is torch.Size([128]).
	size mismatch for encoder.blocks.0.attn.W_q.weight: copying a param with shape torch.Size([192, 192]) from checkpoint, the shape in current model is torch.Size([128, 128]).
	size mismatch for encoder.blocks.0.attn.W_k.weight: copying a param with shape torch.Size([192, 192]) from checkpoint, the shape in current model is torch.Size([128, 128]).
	size mismatch for encoder.blocks.0.attn.W_v.weight: copying a param with shape torch.Size([192, 192]) from checkpoint, the shape in current model is torch.Size([128, 128]).
	size mismatch for encoder.blocks.0.attn.W_o.weight: copying a param with shape torch.Size([192, 192]) from checkpoint, the shape in current model is torch.Size([128, 128]).
	size mismatch for encoder.blocks.0.norm1.weight: copying a param with shape torch.Size([192]) from checkpoint, the shape in current model is torch.Size([128]).
	size mismatch for encoder.blocks.0.norm1.bias: copying a param with shape torch.Size([192]) from checkpoint, the shape in current model is torch.Size([128]).
	size mismatch for encoder.blocks.0.ffn.0.weight: copying a param with shape torch.Size([384, 192]) from checkpoint, the shape in current model is torch.Size([256, 128]).
	size mismatch for encoder.blocks.0.ffn.0.bias: copying a param with shape torch.Size([384]) from checkpoint, the shape in current model is torch.Size([256]).
	size mismatch for encoder.blocks.0.ffn.2.weight: copying a param with shape torch.Size([192, 384]) from checkpoint, the shape in current model is torch.Size([128, 256]).
	size mismatch for encoder.blocks.0.ffn.2.bias: copying a param with shape torch.Size([192]) from checkpoint, the shape in current model is torch.Size([128]).
	size mismatch for encoder.blocks.0.norm2.weight: copying a param with shape torch.Size([192]) from checkpoint, the shape in current model is torch.Size([128]).
	size mismatch for encoder.blocks.0.norm2.bias: copying a param with shape torch.Size([192]) from checkpoint, the shape in current model is torch.Size([128]).
	size mismatch for encoder.blocks.1.attn.W_q.weight: copying a param with shape torch.Size([192, 192]) from checkpoint, the shape in current model is torch.Size([128, 128]).
	size mismatch for encoder.blocks.1.attn.W_k.weight: copying a param with shape torch.Size([192, 192]) from checkpoint, the shape in current model is torch.Size([128, 128]).
	size mismatch for encoder.blocks.1.attn.W_v.weight: copying a param with shape torch.Size([192, 192]) from checkpoint, the shape in current model is torch.Size([128, 128]).
	size mismatch for encoder.blocks.1.attn.W_o.weight: copying a param with shape torch.Size([192, 192]) from checkpoint, the shape in current model is torch.Size([128, 128]).
	size mismatch for encoder.blocks.1.norm1.weight: copying a param with shape torch.Size([192]) from checkpoint, the shape in current model is torch.Size([128]).
	size mismatch for encoder.blocks.1.norm1.bias: copying a param with shape torch.Size([192]) from checkpoint, the shape in current model is torch.Size([128]).
	size mismatch for encoder.blocks.1.ffn.0.weight: copying a param with shape torch.Size([384, 192]) from checkpoint, the shape in current model is torch.Size([256, 128]).
	size mismatch for encoder.blocks.1.ffn.0.bias: copying a param with shape torch.Size([384]) from checkpoint, the shape in current model is torch.Size([256]).
	size mismatch for encoder.blocks.1.ffn.2.weight: copying a param with shape torch.Size([192, 384]) from checkpoint, the shape in current model is torch.Size([128, 256]).
	size mismatch for encoder.blocks.1.ffn.2.bias: copying a param with shape torch.Size([192]) from checkpoint, the shape in current model is torch.Size([128]).
	size mismatch for encoder.blocks.1.norm2.weight: copying a param with shape torch.Size([192]) from checkpoint, the shape in current model is torch.Size([128]).
	size mismatch for encoder.blocks.1.norm2.bias: copying a param with shape torch.Size([192]) from checkpoint, the shape in current model is torch.Size([128]).
	size mismatch for encoder.blocks.2.attn.W_q.weight: copying a param with shape torch.Size([192, 192]) from checkpoint, the shape in current model is torch.Size([128, 128]).
	size mismatch for encoder.blocks.2.attn.W_k.weight: copying a param with shape torch.Size([192, 192]) from checkpoint, the shape in current model is torch.Size([128, 128]).
	size mismatch for encoder.blocks.2.attn.W_v.weight: copying a param with shape torch.Size([192, 192]) from checkpoint, the shape in current model is torch.Size([128, 128]).
	size mismatch for encoder.blocks.2.attn.W_o.weight: copying a param with shape torch.Size([192, 192]) from checkpoint, the shape in current model is torch.Size([128, 128]).
	size mismatch for encoder.blocks.2.norm1.weight: copying a param with shape torch.Size([192]) from checkpoint, the shape in current model is torch.Size([128]).
	size mismatch for encoder.blocks.2.norm1.bias: copying a param with shape torch.Size([192]) from checkpoint, the shape in current model is torch.Size([128]).
	size mismatch for encoder.blocks.2.ffn.0.weight: copying a param with shape torch.Size([384, 192]) from checkpoint, the shape in current model is torch.Size([256, 128]).
	size mismatch for encoder.blocks.2.ffn.0.bias: copying a param with shape torch.Size([384]) from checkpoint, the shape in current model is torch.Size([256]).
	size mismatch for encoder.blocks.2.ffn.2.weight: copying a param with shape torch.Size([192, 384]) from checkpoint, the shape in current model is torch.Size([128, 256]).
	size mismatch for encoder.blocks.2.ffn.2.bias: copying a param with shape torch.Size([192]) from checkpoint, the shape in current model is torch.Size([128]).
	size mismatch for encoder.blocks.2.norm2.weight: copying a param with shape torch.Size([192]) from checkpoint, the shape in current model is torch.Size([128]).
	size mismatch for encoder.blocks.2.norm2.bias: copying a param with shape torch.Size([192]) from checkpoint, the shape in current model is torch.Size([128]).
	size mismatch for encoder.fuse.0.weight: copying a param with shape torch.Size([192, 387]) from checkpoint, the shape in current model is torch.Size([128, 259]).
	size mismatch for encoder.fuse.0.bias: copying a param with shape torch.Size([192]) from checkpoint, the shape in current model is torch.Size([128]).
	size mismatch for encoder.fuse.2.weight: copying a param with shape torch.Size([192, 192]) from checkpoint, the shape in current model is torch.Size([128, 128]).
	size mismatch for encoder.fuse.2.bias: copying a param with shape torch.Size([192]) from checkpoint, the shape in current model is torch.Size([128]).
	size mismatch for decoder.W_context.weight: copying a param with shape torch.Size([192, 385]) from checkpoint, the shape in current model is torch.Size([128, 257]).
	size mismatch for decoder.W_q.weight: copying a param with shape torch.Size([192, 192]) from checkpoint, the shape in current model is torch.Size([128, 128]).
	size mismatch for decoder.W_k.weight: copying a param with shape torch.Size([192, 192]) from checkpoint, the shape in current model is torch.Size([128, 128]).
	size mismatch for decoder.W_v.weight: copying a param with shape torch.Size([192, 192]) from checkpoint, the shape in current model is torch.Size([128, 128]).
	size mismatch for decoder.W_o.weight: copying a param with shape torch.Size([192, 192]) from checkpoint, the shape in current model is torch.Size([128, 128]).
	size mismatch for decoder.W_q_ptr.weight: copying a param with shape torch.Size([192, 192]) from checkpoint, the shape in current model is torch.Size([128, 128]).
	size mismatch for decoder.W_k_ptr.weight: copying a param with shape torch.Size([192, 192]) from checkpoint, the shape in current model is torch.Size([128, 128]).

--- MatNet-CVRP on SM ---
  ! Failed: Error(s) in loading state_dict for ACVRPPolicy:
	Unexpected key(s) in state_dict: "encoder.blocks.3.attn.W_q.weight", "encoder.blocks.3.attn.W_k.weight", "encoder.blocks.3.attn.W_v.weight", "encoder.blocks.3.attn.W_e.weight", "encoder.blocks.3.attn.W_o.weight", "encoder.blocks.3.norm1.weight", "encoder.blocks.3.norm1.bias", "encoder.blocks.3.ffn.0.weight", "encoder.blocks.3.ffn.0.bias", "encoder.blocks.3.ffn.2.weight", "encoder.blocks.3.ffn.2.bias", "encoder.blocks.3.norm2.weight", "encoder.blocks.3.norm2.bias". 
	size mismatch for encoder.node_proj.weight: copying a param with shape torch.Size([192, 3]) from checkpoint, the shape in current model is torch.Size([128, 3]).
	size mismatch for encoder.node_proj.bias: copying a param with shape torch.Size([192]) from checkpoint, the shape in current model is torch.Size([128]).
	size mismatch for encoder.blocks.0.attn.W_q.weight: copying a param with shape torch.Size([192, 192]) from checkpoint, the shape in current model is torch.Size([128, 128]).
	size mismatch for encoder.blocks.0.attn.W_k.weight: copying a param with shape torch.Size([192, 192]) from checkpoint, the shape in current model is torch.Size([128, 128]).
	size mismatch for encoder.blocks.0.attn.W_v.weight: copying a param with shape torch.Size([192, 192]) from checkpoint, the shape in current model is torch.Size([128, 128]).
	size mismatch for encoder.blocks.0.attn.W_o.weight: copying a param with shape torch.Size([192, 192]) from checkpoint, the shape in current model is torch.Size([128, 128]).
	size mismatch for encoder.blocks.0.norm1.weight: copying a param with shape torch.Size([192]) from checkpoint, the shape in current model is torch.Size([128]).
	size mismatch for encoder.blocks.0.norm1.bias: copying a param with shape torch.Size([192]) from checkpoint, the shape in current model is torch.Size([128]).
	size mismatch for encoder.blocks.0.ffn.0.weight: copying a param with shape torch.Size([384, 192]) from checkpoint, the shape in current model is torch.Size([256, 128]).
	size mismatch for encoder.blocks.0.ffn.0.bias: copying a param with shape torch.Size([384]) from checkpoint, the shape in current model is torch.Size([256]).
	size mismatch for encoder.blocks.0.ffn.2.weight: copying a param with shape torch.Size([192, 384]) from checkpoint, the shape in current model is torch.Size([128, 256]).
	size mismatch for encoder.blocks.0.ffn.2.bias: copying a param with shape torch.Size([192]) from checkpoint, the shape in current model is torch.Size([128]).
	size mismatch for encoder.blocks.0.norm2.weight: copying a param with shape torch.Size([192]) from checkpoint, the shape in current model is torch.Size([128]).
	size mismatch for encoder.blocks.0.norm2.bias: copying a param with shape torch.Size([192]) from checkpoint, the shape in current model is torch.Size([128]).
	size mismatch for encoder.blocks.1.attn.W_q.weight: copying a param with shape torch.Size([192, 192]) from checkpoint, the shape in current model is torch.Size([128, 128]).
	size mismatch for encoder.blocks.1.attn.W_k.weight: copying a param with shape torch.Size([192, 192]) from checkpoint, the shape in current model is torch.Size([128, 128]).
	size mismatch for encoder.blocks.1.attn.W_v.weight: copying a param with shape torch.Size([192, 192]) from checkpoint, the shape in current model is torch.Size([128, 128]).
	size mismatch for encoder.blocks.1.attn.W_o.weight: copying a param with shape torch.Size([192, 192]) from checkpoint, the shape in current model is torch.Size([128, 128]).
	size mismatch for encoder.blocks.1.norm1.weight: copying a param with shape torch.Size([192]) from checkpoint, the shape in current model is torch.Size([128]).
	size mismatch for encoder.blocks.1.norm1.bias: copying a param with shape torch.Size([192]) from checkpoint, the shape in current model is torch.Size([128]).
	size mismatch for encoder.blocks.1.ffn.0.weight: copying a param with shape torch.Size([384, 192]) from checkpoint, the shape in current model is torch.Size([256, 128]).
	size mismatch for encoder.blocks.1.ffn.0.bias: copying a param with shape torch.Size([384]) from checkpoint, the shape in current model is torch.Size([256]).
	size mismatch for encoder.blocks.1.ffn.2.weight: copying a param with shape torch.Size([192, 384]) from checkpoint, the shape in current model is torch.Size([128, 256]).
	size mismatch for encoder.blocks.1.ffn.2.bias: copying a param with shape torch.Size([192]) from checkpoint, the shape in current model is torch.Size([128]).
	size mismatch for encoder.blocks.1.norm2.weight: copying a param with shape torch.Size([192]) from checkpoint, the shape in current model is torch.Size([128]).
	size mismatch for encoder.blocks.1.norm2.bias: copying a param with shape torch.Size([192]) from checkpoint, the shape in current model is torch.Size([128]).
	size mismatch for encoder.blocks.2.attn.W_q.weight: copying a param with shape torch.Size([192, 192]) from checkpoint, the shape in current model is torch.Size([128, 128]).
	size mismatch for encoder.blocks.2.attn.W_k.weight: copying a param with shape torch.Size([192, 192]) from checkpoint, the shape in current model is torch.Size([128, 128]).
	size mismatch for encoder.blocks.2.attn.W_v.weight: copying a param with shape torch.Size([192, 192]) from checkpoint, the shape in current model is torch.Size([128, 128]).
	size mismatch for encoder.blocks.2.attn.W_o.weight: copying a param with shape torch.Size([192, 192]) from checkpoint, the shape in current model is torch.Size([128, 128]).
	size mismatch for encoder.blocks.2.norm1.weight: copying a param with shape torch.Size([192]) from checkpoint, the shape in current model is torch.Size([128]).
	size mismatch for encoder.blocks.2.norm1.bias: copying a param with shape torch.Size([192]) from checkpoint, the shape in current model is torch.Size([128]).
	size mismatch for encoder.blocks.2.ffn.0.weight: copying a param with shape torch.Size([384, 192]) from checkpoint, the shape in current model is torch.Size([256, 128]).
	size mismatch for encoder.blocks.2.ffn.0.bias: copying a param with shape torch.Size([384]) from checkpoint, the shape in current model is torch.Size([256]).
	size mismatch for encoder.blocks.2.ffn.2.weight: copying a param with shape torch.Size([192, 384]) from checkpoint, the shape in current model is torch.Size([128, 256]).
	size mismatch for encoder.blocks.2.ffn.2.bias: copying a param with shape torch.Size([192]) from checkpoint, the shape in current model is torch.Size([128]).
	size mismatch for encoder.blocks.2.norm2.weight: copying a param with shape torch.Size([192]) from checkpoint, the shape in current model is torch.Size([128]).
	size mismatch for encoder.blocks.2.norm2.bias: copying a param with shape torch.Size([192]) from checkpoint, the shape in current model is torch.Size([128]).
	size mismatch for encoder.fuse.0.weight: copying a param with shape torch.Size([192, 387]) from checkpoint, the shape in current model is torch.Size([128, 259]).
	size mismatch for encoder.fuse.0.bias: copying a param with shape torch.Size([192]) from checkpoint, the shape in current model is torch.Size([128]).
	size mismatch for encoder.fuse.2.weight: copying a param with shape torch.Size([192, 192]) from checkpoint, the shape in current model is torch.Size([128, 128]).
	size mismatch for encoder.fuse.2.bias: copying a param with shape torch.Size([192]) from checkpoint, the shape in current model is torch.Size([128]).
	size mismatch for decoder.W_context.weight: copying a param with shape torch.Size([192, 385]) from checkpoint, the shape in current model is torch.Size([128, 257]).
	size mismatch for decoder.W_q.weight: copying a param with shape torch.Size([192, 192]) from checkpoint, the shape in current model is torch.Size([128, 128]).
	size mismatch for decoder.W_k.weight: copying a param with shape torch.Size([192, 192]) from checkpoint, the shape in current model is torch.Size([128, 128]).
	size mismatch for decoder.W_v.weight: copying a param with shape torch.Size([192, 192]) from checkpoint, the shape in current model is torch.Size([128, 128]).
	size mismatch for decoder.W_o.weight: copying a param with shape torch.Size([192, 192]) from checkpoint, the shape in current model is torch.Size([128, 128]).
	size mismatch for decoder.W_q_ptr.weight: copying a param with shape torch.Size([192, 192]) from checkpoint, the shape in current model is torch.Size([128, 128]).
	size mismatch for decoder.W_k_ptr.weight: copying a param with shape torch.Size([192, 192]) from checkpoint, the shape in current model is torch.Size([128, 128]).

--- MatNet-CVRP on SR ---
  ! Failed: Error(s) in loading state_dict for ACVRPPolicy:
	Unexpected key(s) in state_dict: "encoder.blocks.3.attn.W_q.weight", "encoder.blocks.3.attn.W_k.weight", "encoder.blocks.3.attn.W_v.weight", "encoder.blocks.3.attn.W_e.weight", "encoder.blocks.3.attn.W_o.weight", "encoder.blocks.3.norm1.weight", "encoder.blocks.3.norm1.bias", "encoder.blocks.3.ffn.0.weight", "encoder.blocks.3.ffn.0.bias", "encoder.blocks.3.ffn.2.weight", "encoder.blocks.3.ffn.2.bias", "encoder.blocks.3.norm2.weight", "encoder.blocks.3.norm2.bias". 
	size mismatch for encoder.node_proj.weight: copying a param with shape torch.Size([192, 3]) from checkpoint, the shape in current model is torch.Size([128, 3]).
	size mismatch for encoder.node_proj.bias: copying a param with shape torch.Size([192]) from checkpoint, the shape in current model is torch.Size([128]).
	size mismatch for encoder.blocks.0.attn.W_q.weight: copying a param with shape torch.Size([192, 192]) from checkpoint, the shape in current model is torch.Size([128, 128]).
	size mismatch for encoder.blocks.0.attn.W_k.weight: copying a param with shape torch.Size([192, 192]) from checkpoint, the shape in current model is torch.Size([128, 128]).
	size mismatch for encoder.blocks.0.attn.W_v.weight: copying a param with shape torch.Size([192, 192]) from checkpoint, the shape in current model is torch.Size([128, 128]).
	size mismatch for encoder.blocks.0.attn.W_o.weight: copying a param with shape torch.Size([192, 192]) from checkpoint, the shape in current model is torch.Size([128, 128]).
	size mismatch for encoder.blocks.0.norm1.weight: copying a param with shape torch.Size([192]) from checkpoint, the shape in current model is torch.Size([128]).
	size mismatch for encoder.blocks.0.norm1.bias: copying a param with shape torch.Size([192]) from checkpoint, the shape in current model is torch.Size([128]).
	size mismatch for encoder.blocks.0.ffn.0.weight: copying a param with shape torch.Size([384, 192]) from checkpoint, the shape in current model is torch.Size([256, 128]).
	size mismatch for encoder.blocks.0.ffn.0.bias: copying a param with shape torch.Size([384]) from checkpoint, the shape in current model is torch.Size([256]).
	size mismatch for encoder.blocks.0.ffn.2.weight: copying a param with shape torch.Size([192, 384]) from checkpoint, the shape in current model is torch.Size([128, 256]).
	size mismatch for encoder.blocks.0.ffn.2.bias: copying a param with shape torch.Size([192]) from checkpoint, the shape in current model is torch.Size([128]).
	size mismatch for encoder.blocks.0.norm2.weight: copying a param with shape torch.Size([192]) from checkpoint, the shape in current model is torch.Size([128]).
	size mismatch for encoder.blocks.0.norm2.bias: copying a param with shape torch.Size([192]) from checkpoint, the shape in current model is torch.Size([128]).
	size mismatch for encoder.blocks.1.attn.W_q.weight: copying a param with shape torch.Size([192, 192]) from checkpoint, the shape in current model is torch.Size([128, 128]).
	size mismatch for encoder.blocks.1.attn.W_k.weight: copying a param with shape torch.Size([192, 192]) from checkpoint, the shape in current model is torch.Size([128, 128]).
	size mismatch for encoder.blocks.1.attn.W_v.weight: copying a param with shape torch.Size([192, 192]) from checkpoint, the shape in current model is torch.Size([128, 128]).
	size mismatch for encoder.blocks.1.attn.W_o.weight: copying a param with shape torch.Size([192, 192]) from checkpoint, the shape in current model is torch.Size([128, 128]).
	size mismatch for encoder.blocks.1.norm1.weight: copying a param with shape torch.Size([192]) from checkpoint, the shape in current model is torch.Size([128]).
	size mismatch for encoder.blocks.1.norm1.bias: copying a param with shape torch.Size([192]) from checkpoint, the shape in current model is torch.Size([128]).
	size mismatch for encoder.blocks.1.ffn.0.weight: copying a param with shape torch.Size([384, 192]) from checkpoint, the shape in current model is torch.Size([256, 128]).
	size mismatch for encoder.blocks.1.ffn.0.bias: copying a param with shape torch.Size([384]) from checkpoint, the shape in current model is torch.Size([256]).
	size mismatch for encoder.blocks.1.ffn.2.weight: copying a param with shape torch.Size([192, 384]) from checkpoint, the shape in current model is torch.Size([128, 256]).
	size mismatch for encoder.blocks.1.ffn.2.bias: copying a param with shape torch.Size([192]) from checkpoint, the shape in current model is torch.Size([128]).
	size mismatch for encoder.blocks.1.norm2.weight: copying a param with shape torch.Size([192]) from checkpoint, the shape in current model is torch.Size([128]).
	size mismatch for encoder.blocks.1.norm2.bias: copying a param with shape torch.Size([192]) from checkpoint, the shape in current model is torch.Size([128]).
	size mismatch for encoder.blocks.2.attn.W_q.weight: copying a param with shape torch.Size([192, 192]) from checkpoint, the shape in current model is torch.Size([128, 128]).
	size mismatch for encoder.blocks.2.attn.W_k.weight: copying a param with shape torch.Size([192, 192]) from checkpoint, the shape in current model is torch.Size([128, 128]).
	size mismatch for encoder.blocks.2.attn.W_v.weight: copying a param with shape torch.Size([192, 192]) from checkpoint, the shape in current model is torch.Size([128, 128]).
	size mismatch for encoder.blocks.2.attn.W_o.weight: copying a param with shape torch.Size([192, 192]) from checkpoint, the shape in current model is torch.Size([128, 128]).
	size mismatch for encoder.blocks.2.norm1.weight: copying a param with shape torch.Size([192]) from checkpoint, the shape in current model is torch.Size([128]).
	size mismatch for encoder.blocks.2.norm1.bias: copying a param with shape torch.Size([192]) from checkpoint, the shape in current model is torch.Size([128]).
	size mismatch for encoder.blocks.2.ffn.0.weight: copying a param with shape torch.Size([384, 192]) from checkpoint, the shape in current model is torch.Size([256, 128]).
	size mismatch for encoder.blocks.2.ffn.0.bias: copying a param with shape torch.Size([384]) from checkpoint, the shape in current model is torch.Size([256]).
	size mismatch for encoder.blocks.2.ffn.2.weight: copying a param with shape torch.Size([192, 384]) from checkpoint, the shape in current model is torch.Size([128, 256]).
	size mismatch for encoder.blocks.2.ffn.2.bias: copying a param with shape torch.Size([192]) from checkpoint, the shape in current model is torch.Size([128]).
	size mismatch for encoder.blocks.2.norm2.weight: copying a param with shape torch.Size([192]) from checkpoint, the shape in current model is torch.Size([128]).
	size mismatch for encoder.blocks.2.norm2.bias: copying a param with shape torch.Size([192]) from checkpoint, the shape in current model is torch.Size([128]).
	size mismatch for encoder.fuse.0.weight: copying a param with shape torch.Size([192, 387]) from checkpoint, the shape in current model is torch.Size([128, 259]).
	size mismatch for encoder.fuse.0.bias: copying a param with shape torch.Size([192]) from checkpoint, the shape in current model is torch.Size([128]).
	size mismatch for encoder.fuse.2.weight: copying a param with shape torch.Size([192, 192]) from checkpoint, the shape in current model is torch.Size([128, 128]).
	size mismatch for encoder.fuse.2.bias: copying a param with shape torch.Size([192]) from checkpoint, the shape in current model is torch.Size([128]).
	size mismatch for decoder.W_context.weight: copying a param with shape torch.Size([192, 385]) from checkpoint, the shape in current model is torch.Size([128, 257]).
	size mismatch for decoder.W_q.weight: copying a param with shape torch.Size([192, 192]) from checkpoint, the shape in current model is torch.Size([128, 128]).
	size mismatch for decoder.W_k.weight: copying a param with shape torch.Size([192, 192]) from checkpoint, the shape in current model is torch.Size([128, 128]).
	size mismatch for decoder.W_v.weight: copying a param with shape torch.Size([192, 192]) from checkpoint, the shape in current model is torch.Size([128, 128]).
	size mismatch for decoder.W_o.weight: copying a param with shape torch.Size([192, 192]) from checkpoint, the shape in current model is torch.Size([128, 128]).
	size mismatch for decoder.W_q_ptr.weight: copying a param with shape torch.Size([192, 192]) from checkpoint, the shape in current model is torch.Size([128, 128]).
	size mismatch for decoder.W_k_ptr.weight: copying a param with shape torch.Size([192, 192]) from checkpoint, the shape in current model is torch.Size([128, 128]).

--- MatNet-CVRP on AR ---
  ! Failed: Error(s) in loading state_dict for ACVRPPolicy:
	Unexpected key(s) in state_dict: "encoder.blocks.3.attn.W_q.weight", "encoder.blocks.3.attn.W_k.weight", "encoder.blocks.3.attn.W_v.weight", "encoder.blocks.3.attn.W_e.weight", "encoder.blocks.3.attn.W_o.weight", "encoder.blocks.3.norm1.weight", "encoder.blocks.3.norm1.bias", "encoder.blocks.3.ffn.0.weight", "encoder.blocks.3.ffn.0.bias", "encoder.blocks.3.ffn.2.weight", "encoder.blocks.3.ffn.2.bias", "encoder.blocks.3.norm2.weight", "encoder.blocks.3.norm2.bias". 
	size mismatch for encoder.node_proj.weight: copying a param with shape torch.Size([192, 3]) from checkpoint, the shape in current model is torch.Size([128, 3]).
	size mismatch for encoder.node_proj.bias: copying a param with shape torch.Size([192]) from checkpoint, the shape in current model is torch.Size([128]).
	size mismatch for encoder.blocks.0.attn.W_q.weight: copying a param with shape torch.Size([192, 192]) from checkpoint, the shape in current model is torch.Size([128, 128]).
	size mismatch for encoder.blocks.0.attn.W_k.weight: copying a param with shape torch.Size([192, 192]) from checkpoint, the shape in current model is torch.Size([128, 128]).
	size mismatch for encoder.blocks.0.attn.W_v.weight: copying a param with shape torch.Size([192, 192]) from checkpoint, the shape in current model is torch.Size([128, 128]).
	size mismatch for encoder.blocks.0.attn.W_o.weight: copying a param with shape torch.Size([192, 192]) from checkpoint, the shape in current model is torch.Size([128, 128]).
	size mismatch for encoder.blocks.0.norm1.weight: copying a param with shape torch.Size([192]) from checkpoint, the shape in current model is torch.Size([128]).
	size mismatch for encoder.blocks.0.norm1.bias: copying a param with shape torch.Size([192]) from checkpoint, the shape in current model is torch.Size([128]).
	size mismatch for encoder.blocks.0.ffn.0.weight: copying a param with shape torch.Size([384, 192]) from checkpoint, the shape in current model is torch.Size([256, 128]).
	size mismatch for encoder.blocks.0.ffn.0.bias: copying a param with shape torch.Size([384]) from checkpoint, the shape in current model is torch.Size([256]).
	size mismatch for encoder.blocks.0.ffn.2.weight: copying a param with shape torch.Size([192, 384]) from checkpoint, the shape in current model is torch.Size([128, 256]).
	size mismatch for encoder.blocks.0.ffn.2.bias: copying a param with shape torch.Size([192]) from checkpoint, the shape in current model is torch.Size([128]).
	size mismatch for encoder.blocks.0.norm2.weight: copying a param with shape torch.Size([192]) from checkpoint, the shape in current model is torch.Size([128]).
	size mismatch for encoder.blocks.0.norm2.bias: copying a param with shape torch.Size([192]) from checkpoint, the shape in current model is torch.Size([128]).
	size mismatch for encoder.blocks.1.attn.W_q.weight: copying a param with shape torch.Size([192, 192]) from checkpoint, the shape in current model is torch.Size([128, 128]).
	size mismatch for encoder.blocks.1.attn.W_k.weight: copying a param with shape torch.Size([192, 192]) from checkpoint, the shape in current model is torch.Size([128, 128]).
	size mismatch for encoder.blocks.1.attn.W_v.weight: copying a param with shape torch.Size([192, 192]) from checkpoint, the shape in current model is torch.Size([128, 128]).
	size mismatch for encoder.blocks.1.attn.W_o.weight: copying a param with shape torch.Size([192, 192]) from checkpoint, the shape in current model is torch.Size([128, 128]).
	size mismatch for encoder.blocks.1.norm1.weight: copying a param with shape torch.Size([192]) from checkpoint, the shape in current model is torch.Size([128]).
	size mismatch for encoder.blocks.1.norm1.bias: copying a param with shape torch.Size([192]) from checkpoint, the shape in current model is torch.Size([128]).
	size mismatch for encoder.blocks.1.ffn.0.weight: copying a param with shape torch.Size([384, 192]) from checkpoint, the shape in current model is torch.Size([256, 128]).
	size mismatch for encoder.blocks.1.ffn.0.bias: copying a param with shape torch.Size([384]) from checkpoint, the shape in current model is torch.Size([256]).
	size mismatch for encoder.blocks.1.ffn.2.weight: copying a param with shape torch.Size([192, 384]) from checkpoint, the shape in current model is torch.Size([128, 256]).
	size mismatch for encoder.blocks.1.ffn.2.bias: copying a param with shape torch.Size([192]) from checkpoint, the shape in current model is torch.Size([128]).
	size mismatch for encoder.blocks.1.norm2.weight: copying a param with shape torch.Size([192]) from checkpoint, the shape in current model is torch.Size([128]).
	size mismatch for encoder.blocks.1.norm2.bias: copying a param with shape torch.Size([192]) from checkpoint, the shape in current model is torch.Size([128]).
	size mismatch for encoder.blocks.2.attn.W_q.weight: copying a param with shape torch.Size([192, 192]) from checkpoint, the shape in current model is torch.Size([128, 128]).
	size mismatch for encoder.blocks.2.attn.W_k.weight: copying a param with shape torch.Size([192, 192]) from checkpoint, the shape in current model is torch.Size([128, 128]).
	size mismatch for encoder.blocks.2.attn.W_v.weight: copying a param with shape torch.Size([192, 192]) from checkpoint, the shape in current model is torch.Size([128, 128]).
	size mismatch for encoder.blocks.2.attn.W_o.weight: copying a param with shape torch.Size([192, 192]) from checkpoint, the shape in current model is torch.Size([128, 128]).
	size mismatch for encoder.blocks.2.norm1.weight: copying a param with shape torch.Size([192]) from checkpoint, the shape in current model is torch.Size([128]).
	size mismatch for encoder.blocks.2.norm1.bias: copying a param with shape torch.Size([192]) from checkpoint, the shape in current model is torch.Size([128]).
	size mismatch for encoder.blocks.2.ffn.0.weight: copying a param with shape torch.Size([384, 192]) from checkpoint, the shape in current model is torch.Size([256, 128]).
	size mismatch for encoder.blocks.2.ffn.0.bias: copying a param with shape torch.Size([384]) from checkpoint, the shape in current model is torch.Size([256]).
	size mismatch for encoder.blocks.2.ffn.2.weight: copying a param with shape torch.Size([192, 384]) from checkpoint, the shape in current model is torch.Size([128, 256]).
	size mismatch for encoder.blocks.2.ffn.2.bias: copying a param with shape torch.Size([192]) from checkpoint, the shape in current model is torch.Size([128]).
	size mismatch for encoder.blocks.2.norm2.weight: copying a param with shape torch.Size([192]) from checkpoint, the shape in current model is torch.Size([128]).
	size mismatch for encoder.blocks.2.norm2.bias: copying a param with shape torch.Size([192]) from checkpoint, the shape in current model is torch.Size([128]).
	size mismatch for encoder.fuse.0.weight: copying a param with shape torch.Size([192, 387]) from checkpoint, the shape in current model is torch.Size([128, 259]).
	size mismatch for encoder.fuse.0.bias: copying a param with shape torch.Size([192]) from checkpoint, the shape in current model is torch.Size([128]).
	size mismatch for encoder.fuse.2.weight: copying a param with shape torch.Size([192, 192]) from checkpoint, the shape in current model is torch.Size([128, 128]).
	size mismatch for encoder.fuse.2.bias: copying a param with shape torch.Size([192]) from checkpoint, the shape in current model is torch.Size([128]).
	size mismatch for decoder.W_context.weight: copying a param with shape torch.Size([192, 385]) from checkpoint, the shape in current model is torch.Size([128, 257]).
	size mismatch for decoder.W_q.weight: copying a param with shape torch.Size([192, 192]) from checkpoint, the shape in current model is torch.Size([128, 128]).
	size mismatch for decoder.W_k.weight: copying a param with shape torch.Size([192, 192]) from checkpoint, the shape in current model is torch.Size([128, 128]).
	size mismatch for decoder.W_v.weight: copying a param with shape torch.Size([192, 192]) from checkpoint, the shape in current model is torch.Size([128, 128]).
	size mismatch for decoder.W_o.weight: copying a param with shape torch.Size([192, 192]) from checkpoint, the shape in current model is torch.Size([128, 128]).
	size mismatch for decoder.W_q_ptr.weight: copying a param with shape torch.Size([192, 192]) from checkpoint, the shape in current model is torch.Size([128, 128]).
	size mismatch for decoder.W_k_ptr.weight: copying a param with shape torch.Size([192, 192]) from checkpoint, the shape in current model is torch.Size([128, 128]).

--- Vanilla-AM on SE ---
  ! Failed: Error(s) in loading state_dict for CoordOnlyACVRPPolicy:
	Unexpected key(s) in state_dict: "encoder.blocks.3.attn.in_proj_weight", "encoder.blocks.3.attn.in_proj_bias", "encoder.blocks.3.attn.out_proj.weight", "encoder.blocks.3.attn.out_proj.bias", "encoder.blocks.3.ln1.weight", "encoder.blocks.3.ln1.bias", "encoder.blocks.3.ffn.0.weight", "encoder.blocks.3.ffn.0.bias", "encoder.blocks.3.ffn.2.weight", "encoder.blocks.3.ffn.2.bias", "encoder.blocks.3.ln2.weight", "encoder.blocks.3.ln2.bias". 
	size mismatch for encoder.input_proj.weight: copying a param with shape torch.Size([192, 3]) from checkpoint, the shape in current model is torch.Size([128, 3]).
	size mismatch for encoder.input_proj.bias: copying a param with shape torch.Size([192]) from checkpoint, the shape in current model is torch.Size([128]).
	size mismatch for encoder.blocks.0.attn.in_proj_weight: copying a param with shape torch.Size([576, 192]) from checkpoint, the shape in current model is torch.Size([384, 128]).
	size mismatch for encoder.blocks.0.attn.in_proj_bias: copying a param with shape torch.Size([576]) from checkpoint, the shape in current model is torch.Size([384]).
	size mismatch for encoder.blocks.0.attn.out_proj.weight: copying a param with shape torch.Size([192, 192]) from checkpoint, the shape in current model is torch.Size([128, 128]).
	size mismatch for encoder.blocks.0.attn.out_proj.bias: copying a param with shape torch.Size([192]) from checkpoint, the shape in current model is torch.Size([128]).
	size mismatch for encoder.blocks.0.ln1.weight: copying a param with shape torch.Size([192]) from checkpoint, the shape in current model is torch.Size([128]).
	size mismatch for encoder.blocks.0.ln1.bias: copying a param with shape torch.Size([192]) from checkpoint, the shape in current model is torch.Size([128]).
	size mismatch for encoder.blocks.0.ffn.0.weight: copying a param with shape torch.Size([384, 192]) from checkpoint, the shape in current model is torch.Size([256, 128]).
	size mismatch for encoder.blocks.0.ffn.0.bias: copying a param with shape torch.Size([384]) from checkpoint, the shape in current model is torch.Size([256]).
	size mismatch for encoder.blocks.0.ffn.2.weight: copying a param with shape torch.Size([192, 384]) from checkpoint, the shape in current model is torch.Size([128, 256]).
	size mismatch for encoder.blocks.0.ffn.2.bias: copying a param with shape torch.Size([192]) from checkpoint, the shape in current model is torch.Size([128]).
	size mismatch for encoder.blocks.0.ln2.weight: copying a param with shape torch.Size([192]) from checkpoint, the shape in current model is torch.Size([128]).
	size mismatch for encoder.blocks.0.ln2.bias: copying a param with shape torch.Size([192]) from checkpoint, the shape in current model is torch.Size([128]).
	size mismatch for encoder.blocks.1.attn.in_proj_weight: copying a param with shape torch.Size([576, 192]) from checkpoint, the shape in current model is torch.Size([384, 128]).
	size mismatch for encoder.blocks.1.attn.in_proj_bias: copying a param with shape torch.Size([576]) from checkpoint, the shape in current model is torch.Size([384]).
	size mismatch for encoder.blocks.1.attn.out_proj.weight: copying a param with shape torch.Size([192, 192]) from checkpoint, the shape in current model is torch.Size([128, 128]).
	size mismatch for encoder.blocks.1.attn.out_proj.bias: copying a param with shape torch.Size([192]) from checkpoint, the shape in current model is torch.Size([128]).
	size mismatch for encoder.blocks.1.ln1.weight: copying a param with shape torch.Size([192]) from checkpoint, the shape in current model is torch.Size([128]).
	size mismatch for encoder.blocks.1.ln1.bias: copying a param with shape torch.Size([192]) from checkpoint, the shape in current model is torch.Size([128]).
	size mismatch for encoder.blocks.1.ffn.0.weight: copying a param with shape torch.Size([384, 192]) from checkpoint, the shape in current model is torch.Size([256, 128]).
	size mismatch for encoder.blocks.1.ffn.0.bias: copying a param with shape torch.Size([384]) from checkpoint, the shape in current model is torch.Size([256]).
	size mismatch for encoder.blocks.1.ffn.2.weight: copying a param with shape torch.Size([192, 384]) from checkpoint, the shape in current model is torch.Size([128, 256]).
	size mismatch for encoder.blocks.1.ffn.2.bias: copying a param with shape torch.Size([192]) from checkpoint, the shape in current model is torch.Size([128]).
	size mismatch for encoder.blocks.1.ln2.weight: copying a param with shape torch.Size([192]) from checkpoint, the shape in current model is torch.Size([128]).
	size mismatch for encoder.blocks.1.ln2.bias: copying a param with shape torch.Size([192]) from checkpoint, the shape in current model is torch.Size([128]).
	size mismatch for encoder.blocks.2.attn.in_proj_weight: copying a param with shape torch.Size([576, 192]) from checkpoint, the shape in current model is torch.Size([384, 128]).
	size mismatch for encoder.blocks.2.attn.in_proj_bias: copying a param with shape torch.Size([576]) from checkpoint, the shape in current model is torch.Size([384]).
	size mismatch for encoder.blocks.2.attn.out_proj.weight: copying a param with shape torch.Size([192, 192]) from checkpoint, the shape in current model is torch.Size([128, 128]).
	size mismatch for encoder.blocks.2.attn.out_proj.bias: copying a param with shape torch.Size([192]) from checkpoint, the shape in current model is torch.Size([128]).
	size mismatch for encoder.blocks.2.ln1.weight: copying a param with shape torch.Size([192]) from checkpoint, the shape in current model is torch.Size([128]).
	size mismatch for encoder.blocks.2.ln1.bias: copying a param with shape torch.Size([192]) from checkpoint, the shape in current model is torch.Size([128]).
	size mismatch for encoder.blocks.2.ffn.0.weight: copying a param with shape torch.Size([384, 192]) from checkpoint, the shape in current model is torch.Size([256, 128]).
	size mismatch for encoder.blocks.2.ffn.0.bias: copying a param with shape torch.Size([384]) from checkpoint, the shape in current model is torch.Size([256]).
	size mismatch for encoder.blocks.2.ffn.2.weight: copying a param with shape torch.Size([192, 384]) from checkpoint, the shape in current model is torch.Size([128, 256]).
	size mismatch for encoder.blocks.2.ffn.2.bias: copying a param with shape torch.Size([192]) from checkpoint, the shape in current model is torch.Size([128]).
	size mismatch for encoder.blocks.2.ln2.weight: copying a param with shape torch.Size([192]) from checkpoint, the shape in current model is torch.Size([128]).
	size mismatch for encoder.blocks.2.ln2.bias: copying a param with shape torch.Size([192]) from checkpoint, the shape in current model is torch.Size([128]).
	size mismatch for decoder.W_context.weight: copying a param with shape torch.Size([192, 385]) from checkpoint, the shape in current model is torch.Size([128, 257]).
	size mismatch for decoder.W_q.weight: copying a param with shape torch.Size([192, 192]) from checkpoint, the shape in current model is torch.Size([128, 128]).
	size mismatch for decoder.W_k.weight: copying a param with shape torch.Size([192, 192]) from checkpoint, the shape in current model is torch.Size([128, 128]).
	size mismatch for decoder.W_v.weight: copying a param with shape torch.Size([192, 192]) from checkpoint, the shape in current model is torch.Size([128, 128]).
	size mismatch for decoder.W_o.weight: copying a param with shape torch.Size([192, 192]) from checkpoint, the shape in current model is torch.Size([128, 128]).
	size mismatch for decoder.W_q_ptr.weight: copying a param with shape torch.Size([192, 192]) from checkpoint, the shape in current model is torch.Size([128, 128]).
	size mismatch for decoder.W_k_ptr.weight: copying a param with shape torch.Size([192, 192]) from checkpoint, the shape in current model is torch.Size([128, 128]).

--- Vanilla-AM on SM ---
  ! Failed: Error(s) in loading state_dict for CoordOnlyACVRPPolicy:
	Unexpected key(s) in state_dict: "encoder.blocks.3.attn.in_proj_weight", "encoder.blocks.3.attn.in_proj_bias", "encoder.blocks.3.attn.out_proj.weight", "encoder.blocks.3.attn.out_proj.bias", "encoder.blocks.3.ln1.weight", "encoder.blocks.3.ln1.bias", "encoder.blocks.3.ffn.0.weight", "encoder.blocks.3.ffn.0.bias", "encoder.blocks.3.ffn.2.weight", "encoder.blocks.3.ffn.2.bias", "encoder.blocks.3.ln2.weight", "encoder.blocks.3.ln2.bias". 
	size mismatch for encoder.input_proj.weight: copying a param with shape torch.Size([192, 3]) from checkpoint, the shape in current model is torch.Size([128, 3]).
	size mismatch for encoder.input_proj.bias: copying a param with shape torch.Size([192]) from checkpoint, the shape in current model is torch.Size([128]).
	size mismatch for encoder.blocks.0.attn.in_proj_weight: copying a param with shape torch.Size([576, 192]) from checkpoint, the shape in current model is torch.Size([384, 128]).
	size mismatch for encoder.blocks.0.attn.in_proj_bias: copying a param with shape torch.Size([576]) from checkpoint, the shape in current model is torch.Size([384]).
	size mismatch for encoder.blocks.0.attn.out_proj.weight: copying a param with shape torch.Size([192, 192]) from checkpoint, the shape in current model is torch.Size([128, 128]).
	size mismatch for encoder.blocks.0.attn.out_proj.bias: copying a param with shape torch.Size([192]) from checkpoint, the shape in current model is torch.Size([128]).
	size mismatch for encoder.blocks.0.ln1.weight: copying a param with shape torch.Size([192]) from checkpoint, the shape in current model is torch.Size([128]).
	size mismatch for encoder.blocks.0.ln1.bias: copying a param with shape torch.Size([192]) from checkpoint, the shape in current model is torch.Size([128]).
	size mismatch for encoder.blocks.0.ffn.0.weight: copying a param with shape torch.Size([384, 192]) from checkpoint, the shape in current model is torch.Size([256, 128]).
	size mismatch for encoder.blocks.0.ffn.0.bias: copying a param with shape torch.Size([384]) from checkpoint, the shape in current model is torch.Size([256]).
	size mismatch for encoder.blocks.0.ffn.2.weight: copying a param with shape torch.Size([192, 384]) from checkpoint, the shape in current model is torch.Size([128, 256]).
	size mismatch for encoder.blocks.0.ffn.2.bias: copying a param with shape torch.Size([192]) from checkpoint, the shape in current model is torch.Size([128]).
	size mismatch for encoder.blocks.0.ln2.weight: copying a param with shape torch.Size([192]) from checkpoint, the shape in current model is torch.Size([128]).
	size mismatch for encoder.blocks.0.ln2.bias: copying a param with shape torch.Size([192]) from checkpoint, the shape in current model is torch.Size([128]).
	size mismatch for encoder.blocks.1.attn.in_proj_weight: copying a param with shape torch.Size([576, 192]) from checkpoint, the shape in current model is torch.Size([384, 128]).
	size mismatch for encoder.blocks.1.attn.in_proj_bias: copying a param with shape torch.Size([576]) from checkpoint, the shape in current model is torch.Size([384]).
	size mismatch for encoder.blocks.1.attn.out_proj.weight: copying a param with shape torch.Size([192, 192]) from checkpoint, the shape in current model is torch.Size([128, 128]).
	size mismatch for encoder.blocks.1.attn.out_proj.bias: copying a param with shape torch.Size([192]) from checkpoint, the shape in current model is torch.Size([128]).
	size mismatch for encoder.blocks.1.ln1.weight: copying a param with shape torch.Size([192]) from checkpoint, the shape in current model is torch.Size([128]).
	size mismatch for encoder.blocks.1.ln1.bias: copying a param with shape torch.Size([192]) from checkpoint, the shape in current model is torch.Size([128]).
	size mismatch for encoder.blocks.1.ffn.0.weight: copying a param with shape torch.Size([384, 192]) from checkpoint, the shape in current model is torch.Size([256, 128]).
	size mismatch for encoder.blocks.1.ffn.0.bias: copying a param with shape torch.Size([384]) from checkpoint, the shape in current model is torch.Size([256]).
	size mismatch for encoder.blocks.1.ffn.2.weight: copying a param with shape torch.Size([192, 384]) from checkpoint, the shape in current model is torch.Size([128, 256]).
	size mismatch for encoder.blocks.1.ffn.2.bias: copying a param with shape torch.Size([192]) from checkpoint, the shape in current model is torch.Size([128]).
	size mismatch for encoder.blocks.1.ln2.weight: copying a param with shape torch.Size([192]) from checkpoint, the shape in current model is torch.Size([128]).
	size mismatch for encoder.blocks.1.ln2.bias: copying a param with shape torch.Size([192]) from checkpoint, the shape in current model is torch.Size([128]).
	size mismatch for encoder.blocks.2.attn.in_proj_weight: copying a param with shape torch.Size([576, 192]) from checkpoint, the shape in current model is torch.Size([384, 128]).
	size mismatch for encoder.blocks.2.attn.in_proj_bias: copying a param with shape torch.Size([576]) from checkpoint, the shape in current model is torch.Size([384]).
	size mismatch for encoder.blocks.2.attn.out_proj.weight: copying a param with shape torch.Size([192, 192]) from checkpoint, the shape in current model is torch.Size([128, 128]).
	size mismatch for encoder.blocks.2.attn.out_proj.bias: copying a param with shape torch.Size([192]) from checkpoint, the shape in current model is torch.Size([128]).
	size mismatch for encoder.blocks.2.ln1.weight: copying a param with shape torch.Size([192]) from checkpoint, the shape in current model is torch.Size([128]).
	size mismatch for encoder.blocks.2.ln1.bias: copying a param with shape torch.Size([192]) from checkpoint, the shape in current model is torch.Size([128]).
	size mismatch for encoder.blocks.2.ffn.0.weight: copying a param with shape torch.Size([384, 192]) from checkpoint, the shape in current model is torch.Size([256, 128]).
	size mismatch for encoder.blocks.2.ffn.0.bias: copying a param with shape torch.Size([384]) from checkpoint, the shape in current model is torch.Size([256]).
	size mismatch for encoder.blocks.2.ffn.2.weight: copying a param with shape torch.Size([192, 384]) from checkpoint, the shape in current model is torch.Size([128, 256]).
	size mismatch for encoder.blocks.2.ffn.2.bias: copying a param with shape torch.Size([192]) from checkpoint, the shape in current model is torch.Size([128]).
	size mismatch for encoder.blocks.2.ln2.weight: copying a param with shape torch.Size([192]) from checkpoint, the shape in current model is torch.Size([128]).
	size mismatch for encoder.blocks.2.ln2.bias: copying a param with shape torch.Size([192]) from checkpoint, the shape in current model is torch.Size([128]).
	size mismatch for decoder.W_context.weight: copying a param with shape torch.Size([192, 385]) from checkpoint, the shape in current model is torch.Size([128, 257]).
	size mismatch for decoder.W_q.weight: copying a param with shape torch.Size([192, 192]) from checkpoint, the shape in current model is torch.Size([128, 128]).
	size mismatch for decoder.W_k.weight: copying a param with shape torch.Size([192, 192]) from checkpoint, the shape in current model is torch.Size([128, 128]).
	size mismatch for decoder.W_v.weight: copying a param with shape torch.Size([192, 192]) from checkpoint, the shape in current model is torch.Size([128, 128]).
	size mismatch for decoder.W_o.weight: copying a param with shape torch.Size([192, 192]) from checkpoint, the shape in current model is torch.Size([128, 128]).
	size mismatch for decoder.W_q_ptr.weight: copying a param with shape torch.Size([192, 192]) from checkpoint, the shape in current model is torch.Size([128, 128]).
	size mismatch for decoder.W_k_ptr.weight: copying a param with shape torch.Size([192, 192]) from checkpoint, the shape in current model is torch.Size([128, 128]).

--- Vanilla-AM on SR ---
  ! Failed: Error(s) in loading state_dict for CoordOnlyACVRPPolicy:
	Unexpected key(s) in state_dict: "encoder.blocks.3.attn.in_proj_weight", "encoder.blocks.3.attn.in_proj_bias", "encoder.blocks.3.attn.out_proj.weight", "encoder.blocks.3.attn.out_proj.bias", "encoder.blocks.3.ln1.weight", "encoder.blocks.3.ln1.bias", "encoder.blocks.3.ffn.0.weight", "encoder.blocks.3.ffn.0.bias", "encoder.blocks.3.ffn.2.weight", "encoder.blocks.3.ffn.2.bias", "encoder.blocks.3.ln2.weight", "encoder.blocks.3.ln2.bias". 
	size mismatch for encoder.input_proj.weight: copying a param with shape torch.Size([192, 3]) from checkpoint, the shape in current model is torch.Size([128, 3]).
	size mismatch for encoder.input_proj.bias: copying a param with shape torch.Size([192]) from checkpoint, the shape in current model is torch.Size([128]).
	size mismatch for encoder.blocks.0.attn.in_proj_weight: copying a param with shape torch.Size([576, 192]) from checkpoint, the shape in current model is torch.Size([384, 128]).
	size mismatch for encoder.blocks.0.attn.in_proj_bias: copying a param with shape torch.Size([576]) from checkpoint, the shape in current model is torch.Size([384]).
	size mismatch for encoder.blocks.0.attn.out_proj.weight: copying a param with shape torch.Size([192, 192]) from checkpoint, the shape in current model is torch.Size([128, 128]).
	size mismatch for encoder.blocks.0.attn.out_proj.bias: copying a param with shape torch.Size([192]) from checkpoint, the shape in current model is torch.Size([128]).
	size mismatch for encoder.blocks.0.ln1.weight: copying a param with shape torch.Size([192]) from checkpoint, the shape in current model is torch.Size([128]).
	size mismatch for encoder.blocks.0.ln1.bias: copying a param with shape torch.Size([192]) from checkpoint, the shape in current model is torch.Size([128]).
	size mismatch for encoder.blocks.0.ffn.0.weight: copying a param with shape torch.Size([384, 192]) from checkpoint, the shape in current model is torch.Size([256, 128]).
	size mismatch for encoder.blocks.0.ffn.0.bias: copying a param with shape torch.Size([384]) from checkpoint, the shape in current model is torch.Size([256]).
	size mismatch for encoder.blocks.0.ffn.2.weight: copying a param with shape torch.Size([192, 384]) from checkpoint, the shape in current model is torch.Size([128, 256]).
	size mismatch for encoder.blocks.0.ffn.2.bias: copying a param with shape torch.Size([192]) from checkpoint, the shape in current model is torch.Size([128]).
	size mismatch for encoder.blocks.0.ln2.weight: copying a param with shape torch.Size([192]) from checkpoint, the shape in current model is torch.Size([128]).
	size mismatch for encoder.blocks.0.ln2.bias: copying a param with shape torch.Size([192]) from checkpoint, the shape in current model is torch.Size([128]).
	size mismatch for encoder.blocks.1.attn.in_proj_weight: copying a param with shape torch.Size([576, 192]) from checkpoint, the shape in current model is torch.Size([384, 128]).
	size mismatch for encoder.blocks.1.attn.in_proj_bias: copying a param with shape torch.Size([576]) from checkpoint, the shape in current model is torch.Size([384]).
	size mismatch for encoder.blocks.1.attn.out_proj.weight: copying a param with shape torch.Size([192, 192]) from checkpoint, the shape in current model is torch.Size([128, 128]).
	size mismatch for encoder.blocks.1.attn.out_proj.bias: copying a param with shape torch.Size([192]) from checkpoint, the shape in current model is torch.Size([128]).
	size mismatch for encoder.blocks.1.ln1.weight: copying a param with shape torch.Size([192]) from checkpoint, the shape in current model is torch.Size([128]).
	size mismatch for encoder.blocks.1.ln1.bias: copying a param with shape torch.Size([192]) from checkpoint, the shape in current model is torch.Size([128]).
	size mismatch for encoder.blocks.1.ffn.0.weight: copying a param with shape torch.Size([384, 192]) from checkpoint, the shape in current model is torch.Size([256, 128]).
	size mismatch for encoder.blocks.1.ffn.0.bias: copying a param with shape torch.Size([384]) from checkpoint, the shape in current model is torch.Size([256]).
	size mismatch for encoder.blocks.1.ffn.2.weight: copying a param with shape torch.Size([192, 384]) from checkpoint, the shape in current model is torch.Size([128, 256]).
	size mismatch for encoder.blocks.1.ffn.2.bias: copying a param with shape torch.Size([192]) from checkpoint, the shape in current model is torch.Size([128]).
	size mismatch for encoder.blocks.1.ln2.weight: copying a param with shape torch.Size([192]) from checkpoint, the shape in current model is torch.Size([128]).
	size mismatch for encoder.blocks.1.ln2.bias: copying a param with shape torch.Size([192]) from checkpoint, the shape in current model is torch.Size([128]).
	size mismatch for encoder.blocks.2.attn.in_proj_weight: copying a param with shape torch.Size([576, 192]) from checkpoint, the shape in current model is torch.Size([384, 128]).
	size mismatch for encoder.blocks.2.attn.in_proj_bias: copying a param with shape torch.Size([576]) from checkpoint, the shape in current model is torch.Size([384]).
	size mismatch for encoder.blocks.2.attn.out_proj.weight: copying a param with shape torch.Size([192, 192]) from checkpoint, the shape in current model is torch.Size([128, 128]).
	size mismatch for encoder.blocks.2.attn.out_proj.bias: copying a param with shape torch.Size([192]) from checkpoint, the shape in current model is torch.Size([128]).
	size mismatch for encoder.blocks.2.ln1.weight: copying a param with shape torch.Size([192]) from checkpoint, the shape in current model is torch.Size([128]).
	size mismatch for encoder.blocks.2.ln1.bias: copying a param with shape torch.Size([192]) from checkpoint, the shape in current model is torch.Size([128]).
	size mismatch for encoder.blocks.2.ffn.0.weight: copying a param with shape torch.Size([384, 192]) from checkpoint, the shape in current model is torch.Size([256, 128]).
	size mismatch for encoder.blocks.2.ffn.0.bias: copying a param with shape torch.Size([384]) from checkpoint, the shape in current model is torch.Size([256]).
	size mismatch for encoder.blocks.2.ffn.2.weight: copying a param with shape torch.Size([192, 384]) from checkpoint, the shape in current model is torch.Size([128, 256]).
	size mismatch for encoder.blocks.2.ffn.2.bias: copying a param with shape torch.Size([192]) from checkpoint, the shape in current model is torch.Size([128]).
	size mismatch for encoder.blocks.2.ln2.weight: copying a param with shape torch.Size([192]) from checkpoint, the shape in current model is torch.Size([128]).
	size mismatch for encoder.blocks.2.ln2.bias: copying a param with shape torch.Size([192]) from checkpoint, the shape in current model is torch.Size([128]).
	size mismatch for decoder.W_context.weight: copying a param with shape torch.Size([192, 385]) from checkpoint, the shape in current model is torch.Size([128, 257]).
	size mismatch for decoder.W_q.weight: copying a param with shape torch.Size([192, 192]) from checkpoint, the shape in current model is torch.Size([128, 128]).
	size mismatch for decoder.W_k.weight: copying a param with shape torch.Size([192, 192]) from checkpoint, the shape in current model is torch.Size([128, 128]).
	size mismatch for decoder.W_v.weight: copying a param with shape torch.Size([192, 192]) from checkpoint, the shape in current model is torch.Size([128, 128]).
	size mismatch for decoder.W_o.weight: copying a param with shape torch.Size([192, 192]) from checkpoint, the shape in current model is torch.Size([128, 128]).
	size mismatch for decoder.W_q_ptr.weight: copying a param with shape torch.Size([192, 192]) from checkpoint, the shape in current model is torch.Size([128, 128]).
	size mismatch for decoder.W_k_ptr.weight: copying a param with shape torch.Size([192, 192]) from checkpoint, the shape in current model is torch.Size([128, 128]).

--- Vanilla-AM on AR ---
  ! Failed: Error(s) in loading state_dict for CoordOnlyACVRPPolicy:
	Unexpected key(s) in state_dict: "encoder.blocks.3.attn.in_proj_weight", "encoder.blocks.3.attn.in_proj_bias", "encoder.blocks.3.attn.out_proj.weight", "encoder.blocks.3.attn.out_proj.bias", "encoder.blocks.3.ln1.weight", "encoder.blocks.3.ln1.bias", "encoder.blocks.3.ffn.0.weight", "encoder.blocks.3.ffn.0.bias", "encoder.blocks.3.ffn.2.weight", "encoder.blocks.3.ffn.2.bias", "encoder.blocks.3.ln2.weight", "encoder.blocks.3.ln2.bias". 
	size mismatch for encoder.input_proj.weight: copying a param with shape torch.Size([192, 3]) from checkpoint, the shape in current model is torch.Size([128, 3]).
	size mismatch for encoder.input_proj.bias: copying a param with shape torch.Size([192]) from checkpoint, the shape in current model is torch.Size([128]).
	size mismatch for encoder.blocks.0.attn.in_proj_weight: copying a param with shape torch.Size([576, 192]) from checkpoint, the shape in current model is torch.Size([384, 128]).
	size mismatch for encoder.blocks.0.attn.in_proj_bias: copying a param with shape torch.Size([576]) from checkpoint, the shape in current model is torch.Size([384]).
	size mismatch for encoder.blocks.0.attn.out_proj.weight: copying a param with shape torch.Size([192, 192]) from checkpoint, the shape in current model is torch.Size([128, 128]).
	size mismatch for encoder.blocks.0.attn.out_proj.bias: copying a param with shape torch.Size([192]) from checkpoint, the shape in current model is torch.Size([128]).
	size mismatch for encoder.blocks.0.ln1.weight: copying a param with shape torch.Size([192]) from checkpoint, the shape in current model is torch.Size([128]).
	size mismatch for encoder.blocks.0.ln1.bias: copying a param with shape torch.Size([192]) from checkpoint, the shape in current model is torch.Size([128]).
	size mismatch for encoder.blocks.0.ffn.0.weight: copying a param with shape torch.Size([384, 192]) from checkpoint, the shape in current model is torch.Size([256, 128]).
	size mismatch for encoder.blocks.0.ffn.0.bias: copying a param with shape torch.Size([384]) from checkpoint, the shape in current model is torch.Size([256]).
	size mismatch for encoder.blocks.0.ffn.2.weight: copying a param with shape torch.Size([192, 384]) from checkpoint, the shape in current model is torch.Size([128, 256]).
	size mismatch for encoder.blocks.0.ffn.2.bias: copying a param with shape torch.Size([192]) from checkpoint, the shape in current model is torch.Size([128]).
	size mismatch for encoder.blocks.0.ln2.weight: copying a param with shape torch.Size([192]) from checkpoint, the shape in current model is torch.Size([128]).
	size mismatch for encoder.blocks.0.ln2.bias: copying a param with shape torch.Size([192]) from checkpoint, the shape in current model is torch.Size([128]).
	size mismatch for encoder.blocks.1.attn.in_proj_weight: copying a param with shape torch.Size([576, 192]) from checkpoint, the shape in current model is torch.Size([384, 128]).
	size mismatch for encoder.blocks.1.attn.in_proj_bias: copying a param with shape torch.Size([576]) from checkpoint, the shape in current model is torch.Size([384]).
	size mismatch for encoder.blocks.1.attn.out_proj.weight: copying a param with shape torch.Size([192, 192]) from checkpoint, the shape in current model is torch.Size([128, 128]).
	size mismatch for encoder.blocks.1.attn.out_proj.bias: copying a param with shape torch.Size([192]) from checkpoint, the shape in current model is torch.Size([128]).
	size mismatch for encoder.blocks.1.ln1.weight: copying a param with shape torch.Size([192]) from checkpoint, the shape in current model is torch.Size([128]).
	size mismatch for encoder.blocks.1.ln1.bias: copying a param with shape torch.Size([192]) from checkpoint, the shape in current model is torch.Size([128]).
	size mismatch for encoder.blocks.1.ffn.0.weight: copying a param with shape torch.Size([384, 192]) from checkpoint, the shape in current model is torch.Size([256, 128]).
	size mismatch for encoder.blocks.1.ffn.0.bias: copying a param with shape torch.Size([384]) from checkpoint, the shape in current model is torch.Size([256]).
	size mismatch for encoder.blocks.1.ffn.2.weight: copying a param with shape torch.Size([192, 384]) from checkpoint, the shape in current model is torch.Size([128, 256]).
	size mismatch for encoder.blocks.1.ffn.2.bias: copying a param with shape torch.Size([192]) from checkpoint, the shape in current model is torch.Size([128]).
	size mismatch for encoder.blocks.1.ln2.weight: copying a param with shape torch.Size([192]) from checkpoint, the shape in current model is torch.Size([128]).
	size mismatch for encoder.blocks.1.ln2.bias: copying a param with shape torch.Size([192]) from checkpoint, the shape in current model is torch.Size([128]).
	size mismatch for encoder.blocks.2.attn.in_proj_weight: copying a param with shape torch.Size([576, 192]) from checkpoint, the shape in current model is torch.Size([384, 128]).
	size mismatch for encoder.blocks.2.attn.in_proj_bias: copying a param with shape torch.Size([576]) from checkpoint, the shape in current model is torch.Size([384]).
	size mismatch for encoder.blocks.2.attn.out_proj.weight: copying a param with shape torch.Size([192, 192]) from checkpoint, the shape in current model is torch.Size([128, 128]).
	size mismatch for encoder.blocks.2.attn.out_proj.bias: copying a param with shape torch.Size([192]) from checkpoint, the shape in current model is torch.Size([128]).
	size mismatch for encoder.blocks.2.ln1.weight: copying a param with shape torch.Size([192]) from checkpoint, the shape in current model is torch.Size([128]).
	size mismatch for encoder.blocks.2.ln1.bias: copying a param with shape torch.Size([192]) from checkpoint, the shape in current model is torch.Size([128]).
	size mismatch for encoder.blocks.2.ffn.0.weight: copying a param with shape torch.Size([384, 192]) from checkpoint, the shape in current model is torch.Size([256, 128]).
	size mismatch for encoder.blocks.2.ffn.0.bias: copying a param with shape torch.Size([384]) from checkpoint, the shape in current model is torch.Size([256]).
	size mismatch for encoder.blocks.2.ffn.2.weight: copying a param with shape torch.Size([192, 384]) from checkpoint, the shape in current model is torch.Size([128, 256]).
	size mismatch for encoder.blocks.2.ffn.2.bias: copying a param with shape torch.Size([192]) from checkpoint, the shape in current model is torch.Size([128]).
	size mismatch for encoder.blocks.2.ln2.weight: copying a param with shape torch.Size([192]) from checkpoint, the shape in current model is torch.Size([128]).
	size mismatch for encoder.blocks.2.ln2.bias: copying a param with shape torch.Size([192]) from checkpoint, the shape in current model is torch.Size([128]).
	size mismatch for decoder.W_context.weight: copying a param with shape torch.Size([192, 385]) from checkpoint, the shape in current model is torch.Size([128, 257]).
	size mismatch for decoder.W_q.weight: copying a param with shape torch.Size([192, 192]) from checkpoint, the shape in current model is torch.Size([128, 128]).
	size mismatch for decoder.W_k.weight: copying a param with shape torch.Size([192, 192]) from checkpoint, the shape in current model is torch.Size([128, 128]).
	size mismatch for decoder.W_v.weight: copying a param with shape torch.Size([192, 192]) from checkpoint, the shape in current model is torch.Size([128, 128]).
	size mismatch for decoder.W_o.weight: copying a param with shape torch.Size([192, 192]) from checkpoint, the shape in current model is torch.Size([128, 128]).
	size mismatch for decoder.W_q_ptr.weight: copying a param with shape torch.Size([192, 192]) from checkpoint, the shape in current model is torch.Size([128, 128]).
	size mismatch for decoder.W_k_ptr.weight: copying a param with shape torch.Size([192, 192]) from checkpoint, the shape in current model is torch.Size([128, 128]).

Wrote results_macau\summary_full.csv

========== RESULTS (km, kg CO2) ==========
Solver        Variant    Distance (km)    CO2 (kg)
OR-Tools      SE                 27.73     311.270
OR-Tools      SM                 26.82     301.473
OR-Tools      SR                 27.77     312.932
OR-Tools      AR                 24.20     272.486
GA            SE                 28.27     318.173
GA            SM                 30.92     348.348
GA            SR                 26.53     298.767
GA            AR                 26.39     297.031

All outputs written to: D:\GitHub Project\acvrp-co2\results_macau
[16:51:50.62] Step 5 OK. 
 
[16:51:50.62] Step 5b: 4-solver grid comparison on Hong Kong... 
Graph: 972 nodes, 1727 edges
Customers: 20 (+1 depot)
AR asymmetry index: 0.1232

--- OR-Tools on SE ---
  -> 3 route(s) produced.

--- OR-Tools on SM ---
  -> 3 route(s) produced.

--- OR-Tools on SR ---
  -> 3 route(s) produced.

--- OR-Tools on AR ---
  -> 3 route(s) produced.

--- GA on SE ---
  -> 3 route(s) produced.

--- GA on SM ---
  -> 3 route(s) produced.

--- GA on SR ---
  -> 3 route(s) produced.

--- GA on AR ---
  -> 3 route(s) produced.

--- MatNet-CVRP on SE ---
  ! Failed: Error(s) in loading state_dict for ACVRPPolicy:
	Unexpected key(s) in state_dict: "encoder.blocks.3.attn.W_q.weight", "encoder.blocks.3.attn.W_k.weight", "encoder.blocks.3.attn.W_v.weight", "encoder.blocks.3.attn.W_e.weight", "encoder.blocks.3.attn.W_o.weight", "encoder.blocks.3.norm1.weight", "encoder.blocks.3.norm1.bias", "encoder.blocks.3.ffn.0.weight", "encoder.blocks.3.ffn.0.bias", "encoder.blocks.3.ffn.2.weight", "encoder.blocks.3.ffn.2.bias", "encoder.blocks.3.norm2.weight", "encoder.blocks.3.norm2.bias". 
	size mismatch for encoder.node_proj.weight: copying a param with shape torch.Size([192, 3]) from checkpoint, the shape in current model is torch.Size([128, 3]).
	size mismatch for encoder.node_proj.bias: copying a param with shape torch.Size([192]) from checkpoint, the shape in current model is torch.Size([128]).
	size mismatch for encoder.blocks.0.attn.W_q.weight: copying a param with shape torch.Size([192, 192]) from checkpoint, the shape in current model is torch.Size([128, 128]).
	size mismatch for encoder.blocks.0.attn.W_k.weight: copying a param with shape torch.Size([192, 192]) from checkpoint, the shape in current model is torch.Size([128, 128]).
	size mismatch for encoder.blocks.0.attn.W_v.weight: copying a param with shape torch.Size([192, 192]) from checkpoint, the shape in current model is torch.Size([128, 128]).
	size mismatch for encoder.blocks.0.attn.W_o.weight: copying a param with shape torch.Size([192, 192]) from checkpoint, the shape in current model is torch.Size([128, 128]).
	size mismatch for encoder.blocks.0.norm1.weight: copying a param with shape torch.Size([192]) from checkpoint, the shape in current model is torch.Size([128]).
	size mismatch for encoder.blocks.0.norm1.bias: copying a param with shape torch.Size([192]) from checkpoint, the shape in current model is torch.Size([128]).
	size mismatch for encoder.blocks.0.ffn.0.weight: copying a param with shape torch.Size([384, 192]) from checkpoint, the shape in current model is torch.Size([256, 128]).
	size mismatch for encoder.blocks.0.ffn.0.bias: copying a param with shape torch.Size([384]) from checkpoint, the shape in current model is torch.Size([256]).
	size mismatch for encoder.blocks.0.ffn.2.weight: copying a param with shape torch.Size([192, 384]) from checkpoint, the shape in current model is torch.Size([128, 256]).
	size mismatch for encoder.blocks.0.ffn.2.bias: copying a param with shape torch.Size([192]) from checkpoint, the shape in current model is torch.Size([128]).
	size mismatch for encoder.blocks.0.norm2.weight: copying a param with shape torch.Size([192]) from checkpoint, the shape in current model is torch.Size([128]).
	size mismatch for encoder.blocks.0.norm2.bias: copying a param with shape torch.Size([192]) from checkpoint, the shape in current model is torch.Size([128]).
	size mismatch for encoder.blocks.1.attn.W_q.weight: copying a param with shape torch.Size([192, 192]) from checkpoint, the shape in current model is torch.Size([128, 128]).
	size mismatch for encoder.blocks.1.attn.W_k.weight: copying a param with shape torch.Size([192, 192]) from checkpoint, the shape in current model is torch.Size([128, 128]).
	size mismatch for encoder.blocks.1.attn.W_v.weight: copying a param with shape torch.Size([192, 192]) from checkpoint, the shape in current model is torch.Size([128, 128]).
	size mismatch for encoder.blocks.1.attn.W_o.weight: copying a param with shape torch.Size([192, 192]) from checkpoint, the shape in current model is torch.Size([128, 128]).
	size mismatch for encoder.blocks.1.norm1.weight: copying a param with shape torch.Size([192]) from checkpoint, the shape in current model is torch.Size([128]).
	size mismatch for encoder.blocks.1.norm1.bias: copying a param with shape torch.Size([192]) from checkpoint, the shape in current model is torch.Size([128]).
	size mismatch for encoder.blocks.1.ffn.0.weight: copying a param with shape torch.Size([384, 192]) from checkpoint, the shape in current model is torch.Size([256, 128]).
	size mismatch for encoder.blocks.1.ffn.0.bias: copying a param with shape torch.Size([384]) from checkpoint, the shape in current model is torch.Size([256]).
	size mismatch for encoder.blocks.1.ffn.2.weight: copying a param with shape torch.Size([192, 384]) from checkpoint, the shape in current model is torch.Size([128, 256]).
	size mismatch for encoder.blocks.1.ffn.2.bias: copying a param with shape torch.Size([192]) from checkpoint, the shape in current model is torch.Size([128]).
	size mismatch for encoder.blocks.1.norm2.weight: copying a param with shape torch.Size([192]) from checkpoint, the shape in current model is torch.Size([128]).
	size mismatch for encoder.blocks.1.norm2.bias: copying a param with shape torch.Size([192]) from checkpoint, the shape in current model is torch.Size([128]).
	size mismatch for encoder.blocks.2.attn.W_q.weight: copying a param with shape torch.Size([192, 192]) from checkpoint, the shape in current model is torch.Size([128, 128]).
	size mismatch for encoder.blocks.2.attn.W_k.weight: copying a param with shape torch.Size([192, 192]) from checkpoint, the shape in current model is torch.Size([128, 128]).
	size mismatch for encoder.blocks.2.attn.W_v.weight: copying a param with shape torch.Size([192, 192]) from checkpoint, the shape in current model is torch.Size([128, 128]).
	size mismatch for encoder.blocks.2.attn.W_o.weight: copying a param with shape torch.Size([192, 192]) from checkpoint, the shape in current model is torch.Size([128, 128]).
	size mismatch for encoder.blocks.2.norm1.weight: copying a param with shape torch.Size([192]) from checkpoint, the shape in current model is torch.Size([128]).
	size mismatch for encoder.blocks.2.norm1.bias: copying a param with shape torch.Size([192]) from checkpoint, the shape in current model is torch.Size([128]).
	size mismatch for encoder.blocks.2.ffn.0.weight: copying a param with shape torch.Size([384, 192]) from checkpoint, the shape in current model is torch.Size([256, 128]).
	size mismatch for encoder.blocks.2.ffn.0.bias: copying a param with shape torch.Size([384]) from checkpoint, the shape in current model is torch.Size([256]).
	size mismatch for encoder.blocks.2.ffn.2.weight: copying a param with shape torch.Size([192, 384]) from checkpoint, the shape in current model is torch.Size([128, 256]).
	size mismatch for encoder.blocks.2.ffn.2.bias: copying a param with shape torch.Size([192]) from checkpoint, the shape in current model is torch.Size([128]).
	size mismatch for encoder.blocks.2.norm2.weight: copying a param with shape torch.Size([192]) from checkpoint, the shape in current model is torch.Size([128]).
	size mismatch for encoder.blocks.2.norm2.bias: copying a param with shape torch.Size([192]) from checkpoint, the shape in current model is torch.Size([128]).
	size mismatch for encoder.fuse.0.weight: copying a param with shape torch.Size([192, 387]) from checkpoint, the shape in current model is torch.Size([128, 259]).
	size mismatch for encoder.fuse.0.bias: copying a param with shape torch.Size([192]) from checkpoint, the shape in current model is torch.Size([128]).
	size mismatch for encoder.fuse.2.weight: copying a param with shape torch.Size([192, 192]) from checkpoint, the shape in current model is torch.Size([128, 128]).
	size mismatch for encoder.fuse.2.bias: copying a param with shape torch.Size([192]) from checkpoint, the shape in current model is torch.Size([128]).
	size mismatch for decoder.W_context.weight: copying a param with shape torch.Size([192, 385]) from checkpoint, the shape in current model is torch.Size([128, 257]).
	size mismatch for decoder.W_q.weight: copying a param with shape torch.Size([192, 192]) from checkpoint, the shape in current model is torch.Size([128, 128]).
	size mismatch for decoder.W_k.weight: copying a param with shape torch.Size([192, 192]) from checkpoint, the shape in current model is torch.Size([128, 128]).
	size mismatch for decoder.W_v.weight: copying a param with shape torch.Size([192, 192]) from checkpoint, the shape in current model is torch.Size([128, 128]).
	size mismatch for decoder.W_o.weight: copying a param with shape torch.Size([192, 192]) from checkpoint, the shape in current model is torch.Size([128, 128]).
	size mismatch for decoder.W_q_ptr.weight: copying a param with shape torch.Size([192, 192]) from checkpoint, the shape in current model is torch.Size([128, 128]).
	size mismatch for decoder.W_k_ptr.weight: copying a param with shape torch.Size([192, 192]) from checkpoint, the shape in current model is torch.Size([128, 128]).

--- MatNet-CVRP on SM ---
  ! Failed: Error(s) in loading state_dict for ACVRPPolicy:
	Unexpected key(s) in state_dict: "encoder.blocks.3.attn.W_q.weight", "encoder.blocks.3.attn.W_k.weight", "encoder.blocks.3.attn.W_v.weight", "encoder.blocks.3.attn.W_e.weight", "encoder.blocks.3.attn.W_o.weight", "encoder.blocks.3.norm1.weight", "encoder.blocks.3.norm1.bias", "encoder.blocks.3.ffn.0.weight", "encoder.blocks.3.ffn.0.bias", "encoder.blocks.3.ffn.2.weight", "encoder.blocks.3.ffn.2.bias", "encoder.blocks.3.norm2.weight", "encoder.blocks.3.norm2.bias". 
	size mismatch for encoder.node_proj.weight: copying a param with shape torch.Size([192, 3]) from checkpoint, the shape in current model is torch.Size([128, 3]).
	size mismatch for encoder.node_proj.bias: copying a param with shape torch.Size([192]) from checkpoint, the shape in current model is torch.Size([128]).
	size mismatch for encoder.blocks.0.attn.W_q.weight: copying a param with shape torch.Size([192, 192]) from checkpoint, the shape in current model is torch.Size([128, 128]).
	size mismatch for encoder.blocks.0.attn.W_k.weight: copying a param with shape torch.Size([192, 192]) from checkpoint, the shape in current model is torch.Size([128, 128]).
	size mismatch for encoder.blocks.0.attn.W_v.weight: copying a param with shape torch.Size([192, 192]) from checkpoint, the shape in current model is torch.Size([128, 128]).
	size mismatch for encoder.blocks.0.attn.W_o.weight: copying a param with shape torch.Size([192, 192]) from checkpoint, the shape in current model is torch.Size([128, 128]).
	size mismatch for encoder.blocks.0.norm1.weight: copying a param with shape torch.Size([192]) from checkpoint, the shape in current model is torch.Size([128]).
	size mismatch for encoder.blocks.0.norm1.bias: copying a param with shape torch.Size([192]) from checkpoint, the shape in current model is torch.Size([128]).
	size mismatch for encoder.blocks.0.ffn.0.weight: copying a param with shape torch.Size([384, 192]) from checkpoint, the shape in current model is torch.Size([256, 128]).
	size mismatch for encoder.blocks.0.ffn.0.bias: copying a param with shape torch.Size([384]) from checkpoint, the shape in current model is torch.Size([256]).
	size mismatch for encoder.blocks.0.ffn.2.weight: copying a param with shape torch.Size([192, 384]) from checkpoint, the shape in current model is torch.Size([128, 256]).
	size mismatch for encoder.blocks.0.ffn.2.bias: copying a param with shape torch.Size([192]) from checkpoint, the shape in current model is torch.Size([128]).
	size mismatch for encoder.blocks.0.norm2.weight: copying a param with shape torch.Size([192]) from checkpoint, the shape in current model is torch.Size([128]).
	size mismatch for encoder.blocks.0.norm2.bias: copying a param with shape torch.Size([192]) from checkpoint, the shape in current model is torch.Size([128]).
	size mismatch for encoder.blocks.1.attn.W_q.weight: copying a param with shape torch.Size([192, 192]) from checkpoint, the shape in current model is torch.Size([128, 128]).
	size mismatch for encoder.blocks.1.attn.W_k.weight: copying a param with shape torch.Size([192, 192]) from checkpoint, the shape in current model is torch.Size([128, 128]).
	size mismatch for encoder.blocks.1.attn.W_v.weight: copying a param with shape torch.Size([192, 192]) from checkpoint, the shape in current model is torch.Size([128, 128]).
	size mismatch for encoder.blocks.1.attn.W_o.weight: copying a param with shape torch.Size([192, 192]) from checkpoint, the shape in current model is torch.Size([128, 128]).
	size mismatch for encoder.blocks.1.norm1.weight: copying a param with shape torch.Size([192]) from checkpoint, the shape in current model is torch.Size([128]).
	size mismatch for encoder.blocks.1.norm1.bias: copying a param with shape torch.Size([192]) from checkpoint, the shape in current model is torch.Size([128]).
	size mismatch for encoder.blocks.1.ffn.0.weight: copying a param with shape torch.Size([384, 192]) from checkpoint, the shape in current model is torch.Size([256, 128]).
	size mismatch for encoder.blocks.1.ffn.0.bias: copying a param with shape torch.Size([384]) from checkpoint, the shape in current model is torch.Size([256]).
	size mismatch for encoder.blocks.1.ffn.2.weight: copying a param with shape torch.Size([192, 384]) from checkpoint, the shape in current model is torch.Size([128, 256]).
	size mismatch for encoder.blocks.1.ffn.2.bias: copying a param with shape torch.Size([192]) from checkpoint, the shape in current model is torch.Size([128]).
	size mismatch for encoder.blocks.1.norm2.weight: copying a param with shape torch.Size([192]) from checkpoint, the shape in current model is torch.Size([128]).
	size mismatch for encoder.blocks.1.norm2.bias: copying a param with shape torch.Size([192]) from checkpoint, the shape in current model is torch.Size([128]).
	size mismatch for encoder.blocks.2.attn.W_q.weight: copying a param with shape torch.Size([192, 192]) from checkpoint, the shape in current model is torch.Size([128, 128]).
	size mismatch for encoder.blocks.2.attn.W_k.weight: copying a param with shape torch.Size([192, 192]) from checkpoint, the shape in current model is torch.Size([128, 128]).
	size mismatch for encoder.blocks.2.attn.W_v.weight: copying a param with shape torch.Size([192, 192]) from checkpoint, the shape in current model is torch.Size([128, 128]).
	size mismatch for encoder.blocks.2.attn.W_o.weight: copying a param with shape torch.Size([192, 192]) from checkpoint, the shape in current model is torch.Size([128, 128]).
	size mismatch for encoder.blocks.2.norm1.weight: copying a param with shape torch.Size([192]) from checkpoint, the shape in current model is torch.Size([128]).
	size mismatch for encoder.blocks.2.norm1.bias: copying a param with shape torch.Size([192]) from checkpoint, the shape in current model is torch.Size([128]).
	size mismatch for encoder.blocks.2.ffn.0.weight: copying a param with shape torch.Size([384, 192]) from checkpoint, the shape in current model is torch.Size([256, 128]).
	size mismatch for encoder.blocks.2.ffn.0.bias: copying a param with shape torch.Size([384]) from checkpoint, the shape in current model is torch.Size([256]).
	size mismatch for encoder.blocks.2.ffn.2.weight: copying a param with shape torch.Size([192, 384]) from checkpoint, the shape in current model is torch.Size([128, 256]).
	size mismatch for encoder.blocks.2.ffn.2.bias: copying a param with shape torch.Size([192]) from checkpoint, the shape in current model is torch.Size([128]).
	size mismatch for encoder.blocks.2.norm2.weight: copying a param with shape torch.Size([192]) from checkpoint, the shape in current model is torch.Size([128]).
	size mismatch for encoder.blocks.2.norm2.bias: copying a param with shape torch.Size([192]) from checkpoint, the shape in current model is torch.Size([128]).
	size mismatch for encoder.fuse.0.weight: copying a param with shape torch.Size([192, 387]) from checkpoint, the shape in current model is torch.Size([128, 259]).
	size mismatch for encoder.fuse.0.bias: copying a param with shape torch.Size([192]) from checkpoint, the shape in current model is torch.Size([128]).
	size mismatch for encoder.fuse.2.weight: copying a param with shape torch.Size([192, 192]) from checkpoint, the shape in current model is torch.Size([128, 128]).
	size mismatch for encoder.fuse.2.bias: copying a param with shape torch.Size([192]) from checkpoint, the shape in current model is torch.Size([128]).
	size mismatch for decoder.W_context.weight: copying a param with shape torch.Size([192, 385]) from checkpoint, the shape in current model is torch.Size([128, 257]).
	size mismatch for decoder.W_q.weight: copying a param with shape torch.Size([192, 192]) from checkpoint, the shape in current model is torch.Size([128, 128]).
	size mismatch for decoder.W_k.weight: copying a param with shape torch.Size([192, 192]) from checkpoint, the shape in current model is torch.Size([128, 128]).
	size mismatch for decoder.W_v.weight: copying a param with shape torch.Size([192, 192]) from checkpoint, the shape in current model is torch.Size([128, 128]).
	size mismatch for decoder.W_o.weight: copying a param with shape torch.Size([192, 192]) from checkpoint, the shape in current model is torch.Size([128, 128]).
	size mismatch for decoder.W_q_ptr.weight: copying a param with shape torch.Size([192, 192]) from checkpoint, the shape in current model is torch.Size([128, 128]).
	size mismatch for decoder.W_k_ptr.weight: copying a param with shape torch.Size([192, 192]) from checkpoint, the shape in current model is torch.Size([128, 128]).

--- MatNet-CVRP on SR ---
  ! Failed: Error(s) in loading state_dict for ACVRPPolicy:
	Unexpected key(s) in state_dict: "encoder.blocks.3.attn.W_q.weight", "encoder.blocks.3.attn.W_k.weight", "encoder.blocks.3.attn.W_v.weight", "encoder.blocks.3.attn.W_e.weight", "encoder.blocks.3.attn.W_o.weight", "encoder.blocks.3.norm1.weight", "encoder.blocks.3.norm1.bias", "encoder.blocks.3.ffn.0.weight", "encoder.blocks.3.ffn.0.bias", "encoder.blocks.3.ffn.2.weight", "encoder.blocks.3.ffn.2.bias", "encoder.blocks.3.norm2.weight", "encoder.blocks.3.norm2.bias". 
	size mismatch for encoder.node_proj.weight: copying a param with shape torch.Size([192, 3]) from checkpoint, the shape in current model is torch.Size([128, 3]).
	size mismatch for encoder.node_proj.bias: copying a param with shape torch.Size([192]) from checkpoint, the shape in current model is torch.Size([128]).
	size mismatch for encoder.blocks.0.attn.W_q.weight: copying a param with shape torch.Size([192, 192]) from checkpoint, the shape in current model is torch.Size([128, 128]).
	size mismatch for encoder.blocks.0.attn.W_k.weight: copying a param with shape torch.Size([192, 192]) from checkpoint, the shape in current model is torch.Size([128, 128]).
	size mismatch for encoder.blocks.0.attn.W_v.weight: copying a param with shape torch.Size([192, 192]) from checkpoint, the shape in current model is torch.Size([128, 128]).
	size mismatch for encoder.blocks.0.attn.W_o.weight: copying a param with shape torch.Size([192, 192]) from checkpoint, the shape in current model is torch.Size([128, 128]).
	size mismatch for encoder.blocks.0.norm1.weight: copying a param with shape torch.Size([192]) from checkpoint, the shape in current model is torch.Size([128]).
	size mismatch for encoder.blocks.0.norm1.bias: copying a param with shape torch.Size([192]) from checkpoint, the shape in current model is torch.Size([128]).
	size mismatch for encoder.blocks.0.ffn.0.weight: copying a param with shape torch.Size([384, 192]) from checkpoint, the shape in current model is torch.Size([256, 128]).
	size mismatch for encoder.blocks.0.ffn.0.bias: copying a param with shape torch.Size([384]) from checkpoint, the shape in current model is torch.Size([256]).
	size mismatch for encoder.blocks.0.ffn.2.weight: copying a param with shape torch.Size([192, 384]) from checkpoint, the shape in current model is torch.Size([128, 256]).
	size mismatch for encoder.blocks.0.ffn.2.bias: copying a param with shape torch.Size([192]) from checkpoint, the shape in current model is torch.Size([128]).
	size mismatch for encoder.blocks.0.norm2.weight: copying a param with shape torch.Size([192]) from checkpoint, the shape in current model is torch.Size([128]).
	size mismatch for encoder.blocks.0.norm2.bias: copying a param with shape torch.Size([192]) from checkpoint, the shape in current model is torch.Size([128]).
	size mismatch for encoder.blocks.1.attn.W_q.weight: copying a param with shape torch.Size([192, 192]) from checkpoint, the shape in current model is torch.Size([128, 128]).
	size mismatch for encoder.blocks.1.attn.W_k.weight: copying a param with shape torch.Size([192, 192]) from checkpoint, the shape in current model is torch.Size([128, 128]).
	size mismatch for encoder.blocks.1.attn.W_v.weight: copying a param with shape torch.Size([192, 192]) from checkpoint, the shape in current model is torch.Size([128, 128]).
	size mismatch for encoder.blocks.1.attn.W_o.weight: copying a param with shape torch.Size([192, 192]) from checkpoint, the shape in current model is torch.Size([128, 128]).
	size mismatch for encoder.blocks.1.norm1.weight: copying a param with shape torch.Size([192]) from checkpoint, the shape in current model is torch.Size([128]).
	size mismatch for encoder.blocks.1.norm1.bias: copying a param with shape torch.Size([192]) from checkpoint, the shape in current model is torch.Size([128]).
	size mismatch for encoder.blocks.1.ffn.0.weight: copying a param with shape torch.Size([384, 192]) from checkpoint, the shape in current model is torch.Size([256, 128]).
	size mismatch for encoder.blocks.1.ffn.0.bias: copying a param with shape torch.Size([384]) from checkpoint, the shape in current model is torch.Size([256]).
	size mismatch for encoder.blocks.1.ffn.2.weight: copying a param with shape torch.Size([192, 384]) from checkpoint, the shape in current model is torch.Size([128, 256]).
	size mismatch for encoder.blocks.1.ffn.2.bias: copying a param with shape torch.Size([192]) from checkpoint, the shape in current model is torch.Size([128]).
	size mismatch for encoder.blocks.1.norm2.weight: copying a param with shape torch.Size([192]) from checkpoint, the shape in current model is torch.Size([128]).
	size mismatch for encoder.blocks.1.norm2.bias: copying a param with shape torch.Size([192]) from checkpoint, the shape in current model is torch.Size([128]).
	size mismatch for encoder.blocks.2.attn.W_q.weight: copying a param with shape torch.Size([192, 192]) from checkpoint, the shape in current model is torch.Size([128, 128]).
	size mismatch for encoder.blocks.2.attn.W_k.weight: copying a param with shape torch.Size([192, 192]) from checkpoint, the shape in current model is torch.Size([128, 128]).
	size mismatch for encoder.blocks.2.attn.W_v.weight: copying a param with shape torch.Size([192, 192]) from checkpoint, the shape in current model is torch.Size([128, 128]).
	size mismatch for encoder.blocks.2.attn.W_o.weight: copying a param with shape torch.Size([192, 192]) from checkpoint, the shape in current model is torch.Size([128, 128]).
	size mismatch for encoder.blocks.2.norm1.weight: copying a param with shape torch.Size([192]) from checkpoint, the shape in current model is torch.Size([128]).
	size mismatch for encoder.blocks.2.norm1.bias: copying a param with shape torch.Size([192]) from checkpoint, the shape in current model is torch.Size([128]).
	size mismatch for encoder.blocks.2.ffn.0.weight: copying a param with shape torch.Size([384, 192]) from checkpoint, the shape in current model is torch.Size([256, 128]).
	size mismatch for encoder.blocks.2.ffn.0.bias: copying a param with shape torch.Size([384]) from checkpoint, the shape in current model is torch.Size([256]).
	size mismatch for encoder.blocks.2.ffn.2.weight: copying a param with shape torch.Size([192, 384]) from checkpoint, the shape in current model is torch.Size([128, 256]).
	size mismatch for encoder.blocks.2.ffn.2.bias: copying a param with shape torch.Size([192]) from checkpoint, the shape in current model is torch.Size([128]).
	size mismatch for encoder.blocks.2.norm2.weight: copying a param with shape torch.Size([192]) from checkpoint, the shape in current model is torch.Size([128]).
	size mismatch for encoder.blocks.2.norm2.bias: copying a param with shape torch.Size([192]) from checkpoint, the shape in current model is torch.Size([128]).
	size mismatch for encoder.fuse.0.weight: copying a param with shape torch.Size([192, 387]) from checkpoint, the shape in current model is torch.Size([128, 259]).
	size mismatch for encoder.fuse.0.bias: copying a param with shape torch.Size([192]) from checkpoint, the shape in current model is torch.Size([128]).
	size mismatch for encoder.fuse.2.weight: copying a param with shape torch.Size([192, 192]) from checkpoint, the shape in current model is torch.Size([128, 128]).
	size mismatch for encoder.fuse.2.bias: copying a param with shape torch.Size([192]) from checkpoint, the shape in current model is torch.Size([128]).
	size mismatch for decoder.W_context.weight: copying a param with shape torch.Size([192, 385]) from checkpoint, the shape in current model is torch.Size([128, 257]).
	size mismatch for decoder.W_q.weight: copying a param with shape torch.Size([192, 192]) from checkpoint, the shape in current model is torch.Size([128, 128]).
	size mismatch for decoder.W_k.weight: copying a param with shape torch.Size([192, 192]) from checkpoint, the shape in current model is torch.Size([128, 128]).
	size mismatch for decoder.W_v.weight: copying a param with shape torch.Size([192, 192]) from checkpoint, the shape in current model is torch.Size([128, 128]).
	size mismatch for decoder.W_o.weight: copying a param with shape torch.Size([192, 192]) from checkpoint, the shape in current model is torch.Size([128, 128]).
	size mismatch for decoder.W_q_ptr.weight: copying a param with shape torch.Size([192, 192]) from checkpoint, the shape in current model is torch.Size([128, 128]).
	size mismatch for decoder.W_k_ptr.weight: copying a param with shape torch.Size([192, 192]) from checkpoint, the shape in current model is torch.Size([128, 128]).

--- MatNet-CVRP on AR ---
  ! Failed: Error(s) in loading state_dict for ACVRPPolicy:
	Unexpected key(s) in state_dict: "encoder.blocks.3.attn.W_q.weight", "encoder.blocks.3.attn.W_k.weight", "encoder.blocks.3.attn.W_v.weight", "encoder.blocks.3.attn.W_e.weight", "encoder.blocks.3.attn.W_o.weight", "encoder.blocks.3.norm1.weight", "encoder.blocks.3.norm1.bias", "encoder.blocks.3.ffn.0.weight", "encoder.blocks.3.ffn.0.bias", "encoder.blocks.3.ffn.2.weight", "encoder.blocks.3.ffn.2.bias", "encoder.blocks.3.norm2.weight", "encoder.blocks.3.norm2.bias". 
	size mismatch for encoder.node_proj.weight: copying a param with shape torch.Size([192, 3]) from checkpoint, the shape in current model is torch.Size([128, 3]).
	size mismatch for encoder.node_proj.bias: copying a param with shape torch.Size([192]) from checkpoint, the shape in current model is torch.Size([128]).
	size mismatch for encoder.blocks.0.attn.W_q.weight: copying a param with shape torch.Size([192, 192]) from checkpoint, the shape in current model is torch.Size([128, 128]).
	size mismatch for encoder.blocks.0.attn.W_k.weight: copying a param with shape torch.Size([192, 192]) from checkpoint, the shape in current model is torch.Size([128, 128]).
	size mismatch for encoder.blocks.0.attn.W_v.weight: copying a param with shape torch.Size([192, 192]) from checkpoint, the shape in current model is torch.Size([128, 128]).
	size mismatch for encoder.blocks.0.attn.W_o.weight: copying a param with shape torch.Size([192, 192]) from checkpoint, the shape in current model is torch.Size([128, 128]).
	size mismatch for encoder.blocks.0.norm1.weight: copying a param with shape torch.Size([192]) from checkpoint, the shape in current model is torch.Size([128]).
	size mismatch for encoder.blocks.0.norm1.bias: copying a param with shape torch.Size([192]) from checkpoint, the shape in current model is torch.Size([128]).
	size mismatch for encoder.blocks.0.ffn.0.weight: copying a param with shape torch.Size([384, 192]) from checkpoint, the shape in current model is torch.Size([256, 128]).
	size mismatch for encoder.blocks.0.ffn.0.bias: copying a param with shape torch.Size([384]) from checkpoint, the shape in current model is torch.Size([256]).
	size mismatch for encoder.blocks.0.ffn.2.weight: copying a param with shape torch.Size([192, 384]) from checkpoint, the shape in current model is torch.Size([128, 256]).
	size mismatch for encoder.blocks.0.ffn.2.bias: copying a param with shape torch.Size([192]) from checkpoint, the shape in current model is torch.Size([128]).
	size mismatch for encoder.blocks.0.norm2.weight: copying a param with shape torch.Size([192]) from checkpoint, the shape in current model is torch.Size([128]).
	size mismatch for encoder.blocks.0.norm2.bias: copying a param with shape torch.Size([192]) from checkpoint, the shape in current model is torch.Size([128]).
	size mismatch for encoder.blocks.1.attn.W_q.weight: copying a param with shape torch.Size([192, 192]) from checkpoint, the shape in current model is torch.Size([128, 128]).
	size mismatch for encoder.blocks.1.attn.W_k.weight: copying a param with shape torch.Size([192, 192]) from checkpoint, the shape in current model is torch.Size([128, 128]).
	size mismatch for encoder.blocks.1.attn.W_v.weight: copying a param with shape torch.Size([192, 192]) from checkpoint, the shape in current model is torch.Size([128, 128]).
	size mismatch for encoder.blocks.1.attn.W_o.weight: copying a param with shape torch.Size([192, 192]) from checkpoint, the shape in current model is torch.Size([128, 128]).
	size mismatch for encoder.blocks.1.norm1.weight: copying a param with shape torch.Size([192]) from checkpoint, the shape in current model is torch.Size([128]).
	size mismatch for encoder.blocks.1.norm1.bias: copying a param with shape torch.Size([192]) from checkpoint, the shape in current model is torch.Size([128]).
	size mismatch for encoder.blocks.1.ffn.0.weight: copying a param with shape torch.Size([384, 192]) from checkpoint, the shape in current model is torch.Size([256, 128]).
	size mismatch for encoder.blocks.1.ffn.0.bias: copying a param with shape torch.Size([384]) from checkpoint, the shape in current model is torch.Size([256]).
	size mismatch for encoder.blocks.1.ffn.2.weight: copying a param with shape torch.Size([192, 384]) from checkpoint, the shape in current model is torch.Size([128, 256]).
	size mismatch for encoder.blocks.1.ffn.2.bias: copying a param with shape torch.Size([192]) from checkpoint, the shape in current model is torch.Size([128]).
	size mismatch for encoder.blocks.1.norm2.weight: copying a param with shape torch.Size([192]) from checkpoint, the shape in current model is torch.Size([128]).
	size mismatch for encoder.blocks.1.norm2.bias: copying a param with shape torch.Size([192]) from checkpoint, the shape in current model is torch.Size([128]).
	size mismatch for encoder.blocks.2.attn.W_q.weight: copying a param with shape torch.Size([192, 192]) from checkpoint, the shape in current model is torch.Size([128, 128]).
	size mismatch for encoder.blocks.2.attn.W_k.weight: copying a param with shape torch.Size([192, 192]) from checkpoint, the shape in current model is torch.Size([128, 128]).
	size mismatch for encoder.blocks.2.attn.W_v.weight: copying a param with shape torch.Size([192, 192]) from checkpoint, the shape in current model is torch.Size([128, 128]).
	size mismatch for encoder.blocks.2.attn.W_o.weight: copying a param with shape torch.Size([192, 192]) from checkpoint, the shape in current model is torch.Size([128, 128]).
	size mismatch for encoder.blocks.2.norm1.weight: copying a param with shape torch.Size([192]) from checkpoint, the shape in current model is torch.Size([128]).
	size mismatch for encoder.blocks.2.norm1.bias: copying a param with shape torch.Size([192]) from checkpoint, the shape in current model is torch.Size([128]).
	size mismatch for encoder.blocks.2.ffn.0.weight: copying a param with shape torch.Size([384, 192]) from checkpoint, the shape in current model is torch.Size([256, 128]).
	size mismatch for encoder.blocks.2.ffn.0.bias: copying a param with shape torch.Size([384]) from checkpoint, the shape in current model is torch.Size([256]).
	size mismatch for encoder.blocks.2.ffn.2.weight: copying a param with shape torch.Size([192, 384]) from checkpoint, the shape in current model is torch.Size([128, 256]).
	size mismatch for encoder.blocks.2.ffn.2.bias: copying a param with shape torch.Size([192]) from checkpoint, the shape in current model is torch.Size([128]).
	size mismatch for encoder.blocks.2.norm2.weight: copying a param with shape torch.Size([192]) from checkpoint, the shape in current model is torch.Size([128]).
	size mismatch for encoder.blocks.2.norm2.bias: copying a param with shape torch.Size([192]) from checkpoint, the shape in current model is torch.Size([128]).
	size mismatch for encoder.fuse.0.weight: copying a param with shape torch.Size([192, 387]) from checkpoint, the shape in current model is torch.Size([128, 259]).
	size mismatch for encoder.fuse.0.bias: copying a param with shape torch.Size([192]) from checkpoint, the shape in current model is torch.Size([128]).
	size mismatch for encoder.fuse.2.weight: copying a param with shape torch.Size([192, 192]) from checkpoint, the shape in current model is torch.Size([128, 128]).
	size mismatch for encoder.fuse.2.bias: copying a param with shape torch.Size([192]) from checkpoint, the shape in current model is torch.Size([128]).
	size mismatch for decoder.W_context.weight: copying a param with shape torch.Size([192, 385]) from checkpoint, the shape in current model is torch.Size([128, 257]).
	size mismatch for decoder.W_q.weight: copying a param with shape torch.Size([192, 192]) from checkpoint, the shape in current model is torch.Size([128, 128]).
	size mismatch for decoder.W_k.weight: copying a param with shape torch.Size([192, 192]) from checkpoint, the shape in current model is torch.Size([128, 128]).
	size mismatch for decoder.W_v.weight: copying a param with shape torch.Size([192, 192]) from checkpoint, the shape in current model is torch.Size([128, 128]).
	size mismatch for decoder.W_o.weight: copying a param with shape torch.Size([192, 192]) from checkpoint, the shape in current model is torch.Size([128, 128]).
	size mismatch for decoder.W_q_ptr.weight: copying a param with shape torch.Size([192, 192]) from checkpoint, the shape in current model is torch.Size([128, 128]).
	size mismatch for decoder.W_k_ptr.weight: copying a param with shape torch.Size([192, 192]) from checkpoint, the shape in current model is torch.Size([128, 128]).

--- Vanilla-AM on SE ---
  ! Failed: Error(s) in loading state_dict for CoordOnlyACVRPPolicy:
	Unexpected key(s) in state_dict: "encoder.blocks.3.attn.in_proj_weight", "encoder.blocks.3.attn.in_proj_bias", "encoder.blocks.3.attn.out_proj.weight", "encoder.blocks.3.attn.out_proj.bias", "encoder.blocks.3.ln1.weight", "encoder.blocks.3.ln1.bias", "encoder.blocks.3.ffn.0.weight", "encoder.blocks.3.ffn.0.bias", "encoder.blocks.3.ffn.2.weight", "encoder.blocks.3.ffn.2.bias", "encoder.blocks.3.ln2.weight", "encoder.blocks.3.ln2.bias". 
	size mismatch for encoder.input_proj.weight: copying a param with shape torch.Size([192, 3]) from checkpoint, the shape in current model is torch.Size([128, 3]).
	size mismatch for encoder.input_proj.bias: copying a param with shape torch.Size([192]) from checkpoint, the shape in current model is torch.Size([128]).
	size mismatch for encoder.blocks.0.attn.in_proj_weight: copying a param with shape torch.Size([576, 192]) from checkpoint, the shape in current model is torch.Size([384, 128]).
	size mismatch for encoder.blocks.0.attn.in_proj_bias: copying a param with shape torch.Size([576]) from checkpoint, the shape in current model is torch.Size([384]).
	size mismatch for encoder.blocks.0.attn.out_proj.weight: copying a param with shape torch.Size([192, 192]) from checkpoint, the shape in current model is torch.Size([128, 128]).
	size mismatch for encoder.blocks.0.attn.out_proj.bias: copying a param with shape torch.Size([192]) from checkpoint, the shape in current model is torch.Size([128]).
	size mismatch for encoder.blocks.0.ln1.weight: copying a param with shape torch.Size([192]) from checkpoint, the shape in current model is torch.Size([128]).
	size mismatch for encoder.blocks.0.ln1.bias: copying a param with shape torch.Size([192]) from checkpoint, the shape in current model is torch.Size([128]).
	size mismatch for encoder.blocks.0.ffn.0.weight: copying a param with shape torch.Size([384, 192]) from checkpoint, the shape in current model is torch.Size([256, 128]).
	size mismatch for encoder.blocks.0.ffn.0.bias: copying a param with shape torch.Size([384]) from checkpoint, the shape in current model is torch.Size([256]).
	size mismatch for encoder.blocks.0.ffn.2.weight: copying a param with shape torch.Size([192, 384]) from checkpoint, the shape in current model is torch.Size([128, 256]).
	size mismatch for encoder.blocks.0.ffn.2.bias: copying a param with shape torch.Size([192]) from checkpoint, the shape in current model is torch.Size([128]).
	size mismatch for encoder.blocks.0.ln2.weight: copying a param with shape torch.Size([192]) from checkpoint, the shape in current model is torch.Size([128]).
	size mismatch for encoder.blocks.0.ln2.bias: copying a param with shape torch.Size([192]) from checkpoint, the shape in current model is torch.Size([128]).
	size mismatch for encoder.blocks.1.attn.in_proj_weight: copying a param with shape torch.Size([576, 192]) from checkpoint, the shape in current model is torch.Size([384, 128]).
	size mismatch for encoder.blocks.1.attn.in_proj_bias: copying a param with shape torch.Size([576]) from checkpoint, the shape in current model is torch.Size([384]).
	size mismatch for encoder.blocks.1.attn.out_proj.weight: copying a param with shape torch.Size([192, 192]) from checkpoint, the shape in current model is torch.Size([128, 128]).
	size mismatch for encoder.blocks.1.attn.out_proj.bias: copying a param with shape torch.Size([192]) from checkpoint, the shape in current model is torch.Size([128]).
	size mismatch for encoder.blocks.1.ln1.weight: copying a param with shape torch.Size([192]) from checkpoint, the shape in current model is torch.Size([128]).
	size mismatch for encoder.blocks.1.ln1.bias: copying a param with shape torch.Size([192]) from checkpoint, the shape in current model is torch.Size([128]).
	size mismatch for encoder.blocks.1.ffn.0.weight: copying a param with shape torch.Size([384, 192]) from checkpoint, the shape in current model is torch.Size([256, 128]).
	size mismatch for encoder.blocks.1.ffn.0.bias: copying a param with shape torch.Size([384]) from checkpoint, the shape in current model is torch.Size([256]).
	size mismatch for encoder.blocks.1.ffn.2.weight: copying a param with shape torch.Size([192, 384]) from checkpoint, the shape in current model is torch.Size([128, 256]).
	size mismatch for encoder.blocks.1.ffn.2.bias: copying a param with shape torch.Size([192]) from checkpoint, the shape in current model is torch.Size([128]).
	size mismatch for encoder.blocks.1.ln2.weight: copying a param with shape torch.Size([192]) from checkpoint, the shape in current model is torch.Size([128]).
	size mismatch for encoder.blocks.1.ln2.bias: copying a param with shape torch.Size([192]) from checkpoint, the shape in current model is torch.Size([128]).
	size mismatch for encoder.blocks.2.attn.in_proj_weight: copying a param with shape torch.Size([576, 192]) from checkpoint, the shape in current model is torch.Size([384, 128]).
	size mismatch for encoder.blocks.2.attn.in_proj_bias: copying a param with shape torch.Size([576]) from checkpoint, the shape in current model is torch.Size([384]).
	size mismatch for encoder.blocks.2.attn.out_proj.weight: copying a param with shape torch.Size([192, 192]) from checkpoint, the shape in current model is torch.Size([128, 128]).
	size mismatch for encoder.blocks.2.attn.out_proj.bias: copying a param with shape torch.Size([192]) from checkpoint, the shape in current model is torch.Size([128]).
	size mismatch for encoder.blocks.2.ln1.weight: copying a param with shape torch.Size([192]) from checkpoint, the shape in current model is torch.Size([128]).
	size mismatch for encoder.blocks.2.ln1.bias: copying a param with shape torch.Size([192]) from checkpoint, the shape in current model is torch.Size([128]).
	size mismatch for encoder.blocks.2.ffn.0.weight: copying a param with shape torch.Size([384, 192]) from checkpoint, the shape in current model is torch.Size([256, 128]).
	size mismatch for encoder.blocks.2.ffn.0.bias: copying a param with shape torch.Size([384]) from checkpoint, the shape in current model is torch.Size([256]).
	size mismatch for encoder.blocks.2.ffn.2.weight: copying a param with shape torch.Size([192, 384]) from checkpoint, the shape in current model is torch.Size([128, 256]).
	size mismatch for encoder.blocks.2.ffn.2.bias: copying a param with shape torch.Size([192]) from checkpoint, the shape in current model is torch.Size([128]).
	size mismatch for encoder.blocks.2.ln2.weight: copying a param with shape torch.Size([192]) from checkpoint, the shape in current model is torch.Size([128]).
	size mismatch for encoder.blocks.2.ln2.bias: copying a param with shape torch.Size([192]) from checkpoint, the shape in current model is torch.Size([128]).
	size mismatch for decoder.W_context.weight: copying a param with shape torch.Size([192, 385]) from checkpoint, the shape in current model is torch.Size([128, 257]).
	size mismatch for decoder.W_q.weight: copying a param with shape torch.Size([192, 192]) from checkpoint, the shape in current model is torch.Size([128, 128]).
	size mismatch for decoder.W_k.weight: copying a param with shape torch.Size([192, 192]) from checkpoint, the shape in current model is torch.Size([128, 128]).
	size mismatch for decoder.W_v.weight: copying a param with shape torch.Size([192, 192]) from checkpoint, the shape in current model is torch.Size([128, 128]).
	size mismatch for decoder.W_o.weight: copying a param with shape torch.Size([192, 192]) from checkpoint, the shape in current model is torch.Size([128, 128]).
	size mismatch for decoder.W_q_ptr.weight: copying a param with shape torch.Size([192, 192]) from checkpoint, the shape in current model is torch.Size([128, 128]).
	size mismatch for decoder.W_k_ptr.weight: copying a param with shape torch.Size([192, 192]) from checkpoint, the shape in current model is torch.Size([128, 128]).

--- Vanilla-AM on SM ---
  ! Failed: Error(s) in loading state_dict for CoordOnlyACVRPPolicy:
	Unexpected key(s) in state_dict: "encoder.blocks.3.attn.in_proj_weight", "encoder.blocks.3.attn.in_proj_bias", "encoder.blocks.3.attn.out_proj.weight", "encoder.blocks.3.attn.out_proj.bias", "encoder.blocks.3.ln1.weight", "encoder.blocks.3.ln1.bias", "encoder.blocks.3.ffn.0.weight", "encoder.blocks.3.ffn.0.bias", "encoder.blocks.3.ffn.2.weight", "encoder.blocks.3.ffn.2.bias", "encoder.blocks.3.ln2.weight", "encoder.blocks.3.ln2.bias". 
	size mismatch for encoder.input_proj.weight: copying a param with shape torch.Size([192, 3]) from checkpoint, the shape in current model is torch.Size([128, 3]).
	size mismatch for encoder.input_proj.bias: copying a param with shape torch.Size([192]) from checkpoint, the shape in current model is torch.Size([128]).
	size mismatch for encoder.blocks.0.attn.in_proj_weight: copying a param with shape torch.Size([576, 192]) from checkpoint, the shape in current model is torch.Size([384, 128]).
	size mismatch for encoder.blocks.0.attn.in_proj_bias: copying a param with shape torch.Size([576]) from checkpoint, the shape in current model is torch.Size([384]).
	size mismatch for encoder.blocks.0.attn.out_proj.weight: copying a param with shape torch.Size([192, 192]) from checkpoint, the shape in current model is torch.Size([128, 128]).
	size mismatch for encoder.blocks.0.attn.out_proj.bias: copying a param with shape torch.Size([192]) from checkpoint, the shape in current model is torch.Size([128]).
	size mismatch for encoder.blocks.0.ln1.weight: copying a param with shape torch.Size([192]) from checkpoint, the shape in current model is torch.Size([128]).
	size mismatch for encoder.blocks.0.ln1.bias: copying a param with shape torch.Size([192]) from checkpoint, the shape in current model is torch.Size([128]).
	size mismatch for encoder.blocks.0.ffn.0.weight: copying a param with shape torch.Size([384, 192]) from checkpoint, the shape in current model is torch.Size([256, 128]).
	size mismatch for encoder.blocks.0.ffn.0.bias: copying a param with shape torch.Size([384]) from checkpoint, the shape in current model is torch.Size([256]).
	size mismatch for encoder.blocks.0.ffn.2.weight: copying a param with shape torch.Size([192, 384]) from checkpoint, the shape in current model is torch.Size([128, 256]).
	size mismatch for encoder.blocks.0.ffn.2.bias: copying a param with shape torch.Size([192]) from checkpoint, the shape in current model is torch.Size([128]).
	size mismatch for encoder.blocks.0.ln2.weight: copying a param with shape torch.Size([192]) from checkpoint, the shape in current model is torch.Size([128]).
	size mismatch for encoder.blocks.0.ln2.bias: copying a param with shape torch.Size([192]) from checkpoint, the shape in current model is torch.Size([128]).
	size mismatch for encoder.blocks.1.attn.in_proj_weight: copying a param with shape torch.Size([576, 192]) from checkpoint, the shape in current model is torch.Size([384, 128]).
	size mismatch for encoder.blocks.1.attn.in_proj_bias: copying a param with shape torch.Size([576]) from checkpoint, the shape in current model is torch.Size([384]).
	size mismatch for encoder.blocks.1.attn.out_proj.weight: copying a param with shape torch.Size([192, 192]) from checkpoint, the shape in current model is torch.Size([128, 128]).
	size mismatch for encoder.blocks.1.attn.out_proj.bias: copying a param with shape torch.Size([192]) from checkpoint, the shape in current model is torch.Size([128]).
	size mismatch for encoder.blocks.1.ln1.weight: copying a param with shape torch.Size([192]) from checkpoint, the shape in current model is torch.Size([128]).
	size mismatch for encoder.blocks.1.ln1.bias: copying a param with shape torch.Size([192]) from checkpoint, the shape in current model is torch.Size([128]).
	size mismatch for encoder.blocks.1.ffn.0.weight: copying a param with shape torch.Size([384, 192]) from checkpoint, the shape in current model is torch.Size([256, 128]).
	size mismatch for encoder.blocks.1.ffn.0.bias: copying a param with shape torch.Size([384]) from checkpoint, the shape in current model is torch.Size([256]).
	size mismatch for encoder.blocks.1.ffn.2.weight: copying a param with shape torch.Size([192, 384]) from checkpoint, the shape in current model is torch.Size([128, 256]).
	size mismatch for encoder.blocks.1.ffn.2.bias: copying a param with shape torch.Size([192]) from checkpoint, the shape in current model is torch.Size([128]).
	size mismatch for encoder.blocks.1.ln2.weight: copying a param with shape torch.Size([192]) from checkpoint, the shape in current model is torch.Size([128]).
	size mismatch for encoder.blocks.1.ln2.bias: copying a param with shape torch.Size([192]) from checkpoint, the shape in current model is torch.Size([128]).
	size mismatch for encoder.blocks.2.attn.in_proj_weight: copying a param with shape torch.Size([576, 192]) from checkpoint, the shape in current model is torch.Size([384, 128]).
	size mismatch for encoder.blocks.2.attn.in_proj_bias: copying a param with shape torch.Size([576]) from checkpoint, the shape in current model is torch.Size([384]).
	size mismatch for encoder.blocks.2.attn.out_proj.weight: copying a param with shape torch.Size([192, 192]) from checkpoint, the shape in current model is torch.Size([128, 128]).
	size mismatch for encoder.blocks.2.attn.out_proj.bias: copying a param with shape torch.Size([192]) from checkpoint, the shape in current model is torch.Size([128]).
	size mismatch for encoder.blocks.2.ln1.weight: copying a param with shape torch.Size([192]) from checkpoint, the shape in current model is torch.Size([128]).
	size mismatch for encoder.blocks.2.ln1.bias: copying a param with shape torch.Size([192]) from checkpoint, the shape in current model is torch.Size([128]).
	size mismatch for encoder.blocks.2.ffn.0.weight: copying a param with shape torch.Size([384, 192]) from checkpoint, the shape in current model is torch.Size([256, 128]).
	size mismatch for encoder.blocks.2.ffn.0.bias: copying a param with shape torch.Size([384]) from checkpoint, the shape in current model is torch.Size([256]).
	size mismatch for encoder.blocks.2.ffn.2.weight: copying a param with shape torch.Size([192, 384]) from checkpoint, the shape in current model is torch.Size([128, 256]).
	size mismatch for encoder.blocks.2.ffn.2.bias: copying a param with shape torch.Size([192]) from checkpoint, the shape in current model is torch.Size([128]).
	size mismatch for encoder.blocks.2.ln2.weight: copying a param with shape torch.Size([192]) from checkpoint, the shape in current model is torch.Size([128]).
	size mismatch for encoder.blocks.2.ln2.bias: copying a param with shape torch.Size([192]) from checkpoint, the shape in current model is torch.Size([128]).
	size mismatch for decoder.W_context.weight: copying a param with shape torch.Size([192, 385]) from checkpoint, the shape in current model is torch.Size([128, 257]).
	size mismatch for decoder.W_q.weight: copying a param with shape torch.Size([192, 192]) from checkpoint, the shape in current model is torch.Size([128, 128]).
	size mismatch for decoder.W_k.weight: copying a param with shape torch.Size([192, 192]) from checkpoint, the shape in current model is torch.Size([128, 128]).
	size mismatch for decoder.W_v.weight: copying a param with shape torch.Size([192, 192]) from checkpoint, the shape in current model is torch.Size([128, 128]).
	size mismatch for decoder.W_o.weight: copying a param with shape torch.Size([192, 192]) from checkpoint, the shape in current model is torch.Size([128, 128]).
	size mismatch for decoder.W_q_ptr.weight: copying a param with shape torch.Size([192, 192]) from checkpoint, the shape in current model is torch.Size([128, 128]).
	size mismatch for decoder.W_k_ptr.weight: copying a param with shape torch.Size([192, 192]) from checkpoint, the shape in current model is torch.Size([128, 128]).

--- Vanilla-AM on SR ---
  ! Failed: Error(s) in loading state_dict for CoordOnlyACVRPPolicy:
	Unexpected key(s) in state_dict: "encoder.blocks.3.attn.in_proj_weight", "encoder.blocks.3.attn.in_proj_bias", "encoder.blocks.3.attn.out_proj.weight", "encoder.blocks.3.attn.out_proj.bias", "encoder.blocks.3.ln1.weight", "encoder.blocks.3.ln1.bias", "encoder.blocks.3.ffn.0.weight", "encoder.blocks.3.ffn.0.bias", "encoder.blocks.3.ffn.2.weight", "encoder.blocks.3.ffn.2.bias", "encoder.blocks.3.ln2.weight", "encoder.blocks.3.ln2.bias". 
	size mismatch for encoder.input_proj.weight: copying a param with shape torch.Size([192, 3]) from checkpoint, the shape in current model is torch.Size([128, 3]).
	size mismatch for encoder.input_proj.bias: copying a param with shape torch.Size([192]) from checkpoint, the shape in current model is torch.Size([128]).
	size mismatch for encoder.blocks.0.attn.in_proj_weight: copying a param with shape torch.Size([576, 192]) from checkpoint, the shape in current model is torch.Size([384, 128]).
	size mismatch for encoder.blocks.0.attn.in_proj_bias: copying a param with shape torch.Size([576]) from checkpoint, the shape in current model is torch.Size([384]).
	size mismatch for encoder.blocks.0.attn.out_proj.weight: copying a param with shape torch.Size([192, 192]) from checkpoint, the shape in current model is torch.Size([128, 128]).
	size mismatch for encoder.blocks.0.attn.out_proj.bias: copying a param with shape torch.Size([192]) from checkpoint, the shape in current model is torch.Size([128]).
	size mismatch for encoder.blocks.0.ln1.weight: copying a param with shape torch.Size([192]) from checkpoint, the shape in current model is torch.Size([128]).
	size mismatch for encoder.blocks.0.ln1.bias: copying a param with shape torch.Size([192]) from checkpoint, the shape in current model is torch.Size([128]).
	size mismatch for encoder.blocks.0.ffn.0.weight: copying a param with shape torch.Size([384, 192]) from checkpoint, the shape in current model is torch.Size([256, 128]).
	size mismatch for encoder.blocks.0.ffn.0.bias: copying a param with shape torch.Size([384]) from checkpoint, the shape in current model is torch.Size([256]).
	size mismatch for encoder.blocks.0.ffn.2.weight: copying a param with shape torch.Size([192, 384]) from checkpoint, the shape in current model is torch.Size([128, 256]).
	size mismatch for encoder.blocks.0.ffn.2.bias: copying a param with shape torch.Size([192]) from checkpoint, the shape in current model is torch.Size([128]).
	size mismatch for encoder.blocks.0.ln2.weight: copying a param with shape torch.Size([192]) from checkpoint, the shape in current model is torch.Size([128]).
	size mismatch for encoder.blocks.0.ln2.bias: copying a param with shape torch.Size([192]) from checkpoint, the shape in current model is torch.Size([128]).
	size mismatch for encoder.blocks.1.attn.in_proj_weight: copying a param with shape torch.Size([576, 192]) from checkpoint, the shape in current model is torch.Size([384, 128]).
	size mismatch for encoder.blocks.1.attn.in_proj_bias: copying a param with shape torch.Size([576]) from checkpoint, the shape in current model is torch.Size([384]).
	size mismatch for encoder.blocks.1.attn.out_proj.weight: copying a param with shape torch.Size([192, 192]) from checkpoint, the shape in current model is torch.Size([128, 128]).
	size mismatch for encoder.blocks.1.attn.out_proj.bias: copying a param with shape torch.Size([192]) from checkpoint, the shape in current model is torch.Size([128]).
	size mismatch for encoder.blocks.1.ln1.weight: copying a param with shape torch.Size([192]) from checkpoint, the shape in current model is torch.Size([128]).
	size mismatch for encoder.blocks.1.ln1.bias: copying a param with shape torch.Size([192]) from checkpoint, the shape in current model is torch.Size([128]).
	size mismatch for encoder.blocks.1.ffn.0.weight: copying a param with shape torch.Size([384, 192]) from checkpoint, the shape in current model is torch.Size([256, 128]).
	size mismatch for encoder.blocks.1.ffn.0.bias: copying a param with shape torch.Size([384]) from checkpoint, the shape in current model is torch.Size([256]).
	size mismatch for encoder.blocks.1.ffn.2.weight: copying a param with shape torch.Size([192, 384]) from checkpoint, the shape in current model is torch.Size([128, 256]).
	size mismatch for encoder.blocks.1.ffn.2.bias: copying a param with shape torch.Size([192]) from checkpoint, the shape in current model is torch.Size([128]).
	size mismatch for encoder.blocks.1.ln2.weight: copying a param with shape torch.Size([192]) from checkpoint, the shape in current model is torch.Size([128]).
	size mismatch for encoder.blocks.1.ln2.bias: copying a param with shape torch.Size([192]) from checkpoint, the shape in current model is torch.Size([128]).
	size mismatch for encoder.blocks.2.attn.in_proj_weight: copying a param with shape torch.Size([576, 192]) from checkpoint, the shape in current model is torch.Size([384, 128]).
	size mismatch for encoder.blocks.2.attn.in_proj_bias: copying a param with shape torch.Size([576]) from checkpoint, the shape in current model is torch.Size([384]).
	size mismatch for encoder.blocks.2.attn.out_proj.weight: copying a param with shape torch.Size([192, 192]) from checkpoint, the shape in current model is torch.Size([128, 128]).
	size mismatch for encoder.blocks.2.attn.out_proj.bias: copying a param with shape torch.Size([192]) from checkpoint, the shape in current model is torch.Size([128]).
	size mismatch for encoder.blocks.2.ln1.weight: copying a param with shape torch.Size([192]) from checkpoint, the shape in current model is torch.Size([128]).
	size mismatch for encoder.blocks.2.ln1.bias: copying a param with shape torch.Size([192]) from checkpoint, the shape in current model is torch.Size([128]).
	size mismatch for encoder.blocks.2.ffn.0.weight: copying a param with shape torch.Size([384, 192]) from checkpoint, the shape in current model is torch.Size([256, 128]).
	size mismatch for encoder.blocks.2.ffn.0.bias: copying a param with shape torch.Size([384]) from checkpoint, the shape in current model is torch.Size([256]).
	size mismatch for encoder.blocks.2.ffn.2.weight: copying a param with shape torch.Size([192, 384]) from checkpoint, the shape in current model is torch.Size([128, 256]).
	size mismatch for encoder.blocks.2.ffn.2.bias: copying a param with shape torch.Size([192]) from checkpoint, the shape in current model is torch.Size([128]).
	size mismatch for encoder.blocks.2.ln2.weight: copying a param with shape torch.Size([192]) from checkpoint, the shape in current model is torch.Size([128]).
	size mismatch for encoder.blocks.2.ln2.bias: copying a param with shape torch.Size([192]) from checkpoint, the shape in current model is torch.Size([128]).
	size mismatch for decoder.W_context.weight: copying a param with shape torch.Size([192, 385]) from checkpoint, the shape in current model is torch.Size([128, 257]).
	size mismatch for decoder.W_q.weight: copying a param with shape torch.Size([192, 192]) from checkpoint, the shape in current model is torch.Size([128, 128]).
	size mismatch for decoder.W_k.weight: copying a param with shape torch.Size([192, 192]) from checkpoint, the shape in current model is torch.Size([128, 128]).
	size mismatch for decoder.W_v.weight: copying a param with shape torch.Size([192, 192]) from checkpoint, the shape in current model is torch.Size([128, 128]).
	size mismatch for decoder.W_o.weight: copying a param with shape torch.Size([192, 192]) from checkpoint, the shape in current model is torch.Size([128, 128]).
	size mismatch for decoder.W_q_ptr.weight: copying a param with shape torch.Size([192, 192]) from checkpoint, the shape in current model is torch.Size([128, 128]).
	size mismatch for decoder.W_k_ptr.weight: copying a param with shape torch.Size([192, 192]) from checkpoint, the shape in current model is torch.Size([128, 128]).

--- Vanilla-AM on AR ---
  ! Failed: Error(s) in loading state_dict for CoordOnlyACVRPPolicy:
	Unexpected key(s) in state_dict: "encoder.blocks.3.attn.in_proj_weight", "encoder.blocks.3.attn.in_proj_bias", "encoder.blocks.3.attn.out_proj.weight", "encoder.blocks.3.attn.out_proj.bias", "encoder.blocks.3.ln1.weight", "encoder.blocks.3.ln1.bias", "encoder.blocks.3.ffn.0.weight", "encoder.blocks.3.ffn.0.bias", "encoder.blocks.3.ffn.2.weight", "encoder.blocks.3.ffn.2.bias", "encoder.blocks.3.ln2.weight", "encoder.blocks.3.ln2.bias". 
	size mismatch for encoder.input_proj.weight: copying a param with shape torch.Size([192, 3]) from checkpoint, the shape in current model is torch.Size([128, 3]).
	size mismatch for encoder.input_proj.bias: copying a param with shape torch.Size([192]) from checkpoint, the shape in current model is torch.Size([128]).
	size mismatch for encoder.blocks.0.attn.in_proj_weight: copying a param with shape torch.Size([576, 192]) from checkpoint, the shape in current model is torch.Size([384, 128]).
	size mismatch for encoder.blocks.0.attn.in_proj_bias: copying a param with shape torch.Size([576]) from checkpoint, the shape in current model is torch.Size([384]).
	size mismatch for encoder.blocks.0.attn.out_proj.weight: copying a param with shape torch.Size([192, 192]) from checkpoint, the shape in current model is torch.Size([128, 128]).
	size mismatch for encoder.blocks.0.attn.out_proj.bias: copying a param with shape torch.Size([192]) from checkpoint, the shape in current model is torch.Size([128]).
	size mismatch for encoder.blocks.0.ln1.weight: copying a param with shape torch.Size([192]) from checkpoint, the shape in current model is torch.Size([128]).
	size mismatch for encoder.blocks.0.ln1.bias: copying a param with shape torch.Size([192]) from checkpoint, the shape in current model is torch.Size([128]).
	size mismatch for encoder.blocks.0.ffn.0.weight: copying a param with shape torch.Size([384, 192]) from checkpoint, the shape in current model is torch.Size([256, 128]).
	size mismatch for encoder.blocks.0.ffn.0.bias: copying a param with shape torch.Size([384]) from checkpoint, the shape in current model is torch.Size([256]).
	size mismatch for encoder.blocks.0.ffn.2.weight: copying a param with shape torch.Size([192, 384]) from checkpoint, the shape in current model is torch.Size([128, 256]).
	size mismatch for encoder.blocks.0.ffn.2.bias: copying a param with shape torch.Size([192]) from checkpoint, the shape in current model is torch.Size([128]).
	size mismatch for encoder.blocks.0.ln2.weight: copying a param with shape torch.Size([192]) from checkpoint, the shape in current model is torch.Size([128]).
	size mismatch for encoder.blocks.0.ln2.bias: copying a param with shape torch.Size([192]) from checkpoint, the shape in current model is torch.Size([128]).
	size mismatch for encoder.blocks.1.attn.in_proj_weight: copying a param with shape torch.Size([576, 192]) from checkpoint, the shape in current model is torch.Size([384, 128]).
	size mismatch for encoder.blocks.1.attn.in_proj_bias: copying a param with shape torch.Size([576]) from checkpoint, the shape in current model is torch.Size([384]).
	size mismatch for encoder.blocks.1.attn.out_proj.weight: copying a param with shape torch.Size([192, 192]) from checkpoint, the shape in current model is torch.Size([128, 128]).
	size mismatch for encoder.blocks.1.attn.out_proj.bias: copying a param with shape torch.Size([192]) from checkpoint, the shape in current model is torch.Size([128]).
	size mismatch for encoder.blocks.1.ln1.weight: copying a param with shape torch.Size([192]) from checkpoint, the shape in current model is torch.Size([128]).
	size mismatch for encoder.blocks.1.ln1.bias: copying a param with shape torch.Size([192]) from checkpoint, the shape in current model is torch.Size([128]).
	size mismatch for encoder.blocks.1.ffn.0.weight: copying a param with shape torch.Size([384, 192]) from checkpoint, the shape in current model is torch.Size([256, 128]).
	size mismatch for encoder.blocks.1.ffn.0.bias: copying a param with shape torch.Size([384]) from checkpoint, the shape in current model is torch.Size([256]).
	size mismatch for encoder.blocks.1.ffn.2.weight: copying a param with shape torch.Size([192, 384]) from checkpoint, the shape in current model is torch.Size([128, 256]).
	size mismatch for encoder.blocks.1.ffn.2.bias: copying a param with shape torch.Size([192]) from checkpoint, the shape in current model is torch.Size([128]).
	size mismatch for encoder.blocks.1.ln2.weight: copying a param with shape torch.Size([192]) from checkpoint, the shape in current model is torch.Size([128]).
	size mismatch for encoder.blocks.1.ln2.bias: copying a param with shape torch.Size([192]) from checkpoint, the shape in current model is torch.Size([128]).
	size mismatch for encoder.blocks.2.attn.in_proj_weight: copying a param with shape torch.Size([576, 192]) from checkpoint, the shape in current model is torch.Size([384, 128]).
	size mismatch for encoder.blocks.2.attn.in_proj_bias: copying a param with shape torch.Size([576]) from checkpoint, the shape in current model is torch.Size([384]).
	size mismatch for encoder.blocks.2.attn.out_proj.weight: copying a param with shape torch.Size([192, 192]) from checkpoint, the shape in current model is torch.Size([128, 128]).
	size mismatch for encoder.blocks.2.attn.out_proj.bias: copying a param with shape torch.Size([192]) from checkpoint, the shape in current model is torch.Size([128]).
	size mismatch for encoder.blocks.2.ln1.weight: copying a param with shape torch.Size([192]) from checkpoint, the shape in current model is torch.Size([128]).
	size mismatch for encoder.blocks.2.ln1.bias: copying a param with shape torch.Size([192]) from checkpoint, the shape in current model is torch.Size([128]).
	size mismatch for encoder.blocks.2.ffn.0.weight: copying a param with shape torch.Size([384, 192]) from checkpoint, the shape in current model is torch.Size([256, 128]).
	size mismatch for encoder.blocks.2.ffn.0.bias: copying a param with shape torch.Size([384]) from checkpoint, the shape in current model is torch.Size([256]).
	size mismatch for encoder.blocks.2.ffn.2.weight: copying a param with shape torch.Size([192, 384]) from checkpoint, the shape in current model is torch.Size([128, 256]).
	size mismatch for encoder.blocks.2.ffn.2.bias: copying a param with shape torch.Size([192]) from checkpoint, the shape in current model is torch.Size([128]).
	size mismatch for encoder.blocks.2.ln2.weight: copying a param with shape torch.Size([192]) from checkpoint, the shape in current model is torch.Size([128]).
	size mismatch for encoder.blocks.2.ln2.bias: copying a param with shape torch.Size([192]) from checkpoint, the shape in current model is torch.Size([128]).
	size mismatch for decoder.W_context.weight: copying a param with shape torch.Size([192, 385]) from checkpoint, the shape in current model is torch.Size([128, 257]).
	size mismatch for decoder.W_q.weight: copying a param with shape torch.Size([192, 192]) from checkpoint, the shape in current model is torch.Size([128, 128]).
	size mismatch for decoder.W_k.weight: copying a param with shape torch.Size([192, 192]) from checkpoint, the shape in current model is torch.Size([128, 128]).
	size mismatch for decoder.W_v.weight: copying a param with shape torch.Size([192, 192]) from checkpoint, the shape in current model is torch.Size([128, 128]).
	size mismatch for decoder.W_o.weight: copying a param with shape torch.Size([192, 192]) from checkpoint, the shape in current model is torch.Size([128, 128]).
	size mismatch for decoder.W_q_ptr.weight: copying a param with shape torch.Size([192, 192]) from checkpoint, the shape in current model is torch.Size([128, 128]).
	size mismatch for decoder.W_k_ptr.weight: copying a param with shape torch.Size([192, 192]) from checkpoint, the shape in current model is torch.Size([128, 128]).

Wrote results_hongkong\summary_full.csv

========== RESULTS (km, kg CO2) ==========
Solver        Variant    Distance (km)    CO2 (kg)
OR-Tools      SE                 26.75     301.619
OR-Tools      SM                 27.40     309.102
OR-Tools      SR                 20.09     226.234
OR-Tools      AR                 19.28     216.965
GA            SE                 29.71     335.244
GA            SM                 27.43     308.891
GA            SR                 23.92     269.651
GA            AR                 22.21     250.035

All outputs written to: D:\GitHub Project\acvrp-co2\results_hongkong
[16:51:50.62] Step 5b OK. 
 
============================================================ 
Pipeline finished: 2026/05/21 ¶g¥| 16:57:59.78 
MATNET trained:  1 
BASELINE trained: 1 
Outputs in: results_macau\, results_hongkong\ 
Log: logs\overnight_20260521_063331.log 
============================================================ 
